Name,Age,Pos,GP,G,A,P,PIM,+/-,TOI,ES,PP,SH,ESG,PPG,SHG,GWG,OTG,ESA,PPA,SHA,GWA,OTA,ESP,PPP,SHP,GWP,OTP,PPP%,G/60,A/60,P/60,ESG/60,ESA/60,ESP/60,PPG/60,PPA/60,PPP/60,G/GP,A/GP,P/GP,SHOTS,SH%,HITS,BS,FOW,FOL,FO%
Ivan Barbashev,29,1,1,2,2,4,0,3,986,956,30,0,2,0,0,0,0,2,0,0,0,0,4,0,0,0,0,0.0,7.302,7.302,14.604,7.531,7.531,15.063,0.000,0.000,0.000,2.000,2.000,4.000,2,100.0,2,1,0,0,0.00
Jack Eichel,28,1,1,0,4,4,0,3,1237,971,149,117,0,0,0,0,0,3,1,0,0,0,3,1,0,0,0,25.0,0.000,11.641,11.641,0.000,11.123,11.123,0.000,24.161,24.161,0.000,4.000,4.000,3,0.0,1,3,6,8,42.86
Mikko Rantanen,28,1,1,3,0,3,0,-1,1244,970,274,0,2,1,0,0,0,0,0,0,0,0,2,1,0,0,0,33.3,8.682,0.000,8.682,7.423,0.000,7.423,13.139,0.000,13.139,3.000,0.000,3.000,6,50.0,0,0,2,3,40.00
Mark Stone,32,1,1,2,1,3,0,4,1225,942,151,132,1,1,0,0,0,1,0,0,0,0,2,1,0,0,0,33.3,5.878,2.939,8.816,3.822,3.822,7.643,23.841,0.000,23.841,2.000,1.000,3.000,2,100.0,2,4,0,0,0.00
Paul Cotter,25,1,2,2,1,3,0,3,807,778,7,22,2,0,0,1,0,1,0,0,0,0,3,0,0,1,0,0.0,4.458,2.229,6.687,4.627,2.314,6.941,0.000,0.000,0.000,1.000,0.500,1.500,4,50.0,3,1,1,0,100.00
Mason Appleton,28,1,1,1,2,3,0,3,971,917,0,54,1,0,0,0,0,2,0,0,1,0,3,0,0,1,0,0.0,3.708,7.415,11.123,3.926,7.852,11.778,0.000,0.000,0.000,1.000,2.000,3.000,3,33.3,2,1,0,0,0.00
Shea Theodore,29,0,1,0,3,3,0,0,1179,1021,158,0,0,0,0,0,0,1,2,0,1,0,1,2,0,1,0,66.7,0.000,9.160,9.160,0.000,3.526,3.526,0.000,45.570,45.570,0.000,3.000,3.000,1,0.0,0,2,0,0,0.00
Chris Kreider,33,1,1,2,0,2,0,2,990,646,193,151,1,0,1,0,0,0,0,0,0,0,1,0,1,0,0,0.0,7.273,0.000,7.273,5.573,0.000,5.573,0.000,0.000,0.000,2.000,0.000,2.000,5,40.0,1,0,1,0,100.00
Victor Olofsson,29,1,1,2,0,2,0,0,783,633,150,0,1,1,0,1,0,0,0,0,0,0,1,1,0,1,0,50.0,9.195,0.000,9.195,5.687,0.000,5.687,24.000,0.000,24.000,2.000,0.000,2.000,3,66.7,0,0,0,0,0.00
Sam Bennett,28,1,1,2,0,2,2,3,975,703,259,13,2,0,0,0,0,0,0,0,0,0,2,0,0,0,0,0.0,7.385,0.000,7.385,10.242,0.000,10.242,0.000,0.000,0.000,2.000,0.000,2.000,4,50.0,2,2,5,5,50.00
Brock Boeser,27,1,1,2,0,2,0,0,1101,880,197,24,1,1,0,0,0,0,0,0,0,0,1,1,0,0,0,50.0,6.540,0.000,6.540,4.091,0.000,4.091,18.274,0.000,18.274,2.000,0.000,2.000,3,66.7,0,0,0,1,0.00
Jordan Kyrou,26,1,1,2,0,2,0,1,998,865,133,0,1,1,0,1,0,0,0,0,0,0,1,1,0,1,0,50.0,7.214,0.000,7.214,4.162,0.000,4.162,27.068,0.000,27.068,2.000,0.000,2.000,3,66.7,1,1,1,0,100.00
Dylan Guenther,21,1,1,2,0,2,0,1,990,939,51,0,2,0,0,0,0,0,0,0,0,0,2,0,0,0,0,0.0,7.273,0.000,7.273,7.668,0.000,7.668,0.000,0.000,0.000,2.000,0.000,2.000,5,40.0,1,0,0,0,0.00
Mark Scheifele,31,1,1,1,1,2,0,0,1114,999,115,0,0,1,0,0,0,0,1,0,0,0,0,2,0,0,0,100.0,3.232,3.232,6.463,0.000,0.000,0.000,31.304,31.304,62.609,1.000,1.000,2.000,4,25.0,0,1,3,9,25.00
J.T. Miller,31,1,1,1,1,2,5,0,1065,745,216,104,1,0,0,0,0,1,0,0,0,0,2,0,0,0,0,0.0,3.380,3.380,6.761,4.832,4.832,9.664,0.000,0.000,0.000,1.000,1.000,2.000,3,33.3,3,1,12,9,57.14
Adam Lowry,31,1,1,1,1,2,0,3,961,892,0,69,1,0,0,1,0,1,0,0,0,0,2,0,0,1,0,0.0,3.746,3.746,7.492,4.036,4.036,8.072,0.000,0.000,0.000,1.000,1.000,2.000,3,33.3,1,0,6,9,40.00
Anthony Mantha,30,1,1,1,1,2,7,2,987,845,132,10,0,0,1,0,0,1,0,0,0,0,1,0,1,0,0,0.0,3.647,3.647,7.295,0.000,4.260,4.260,0.000,0.000,0.000,1.000,1.000,2.000,1,100.0,0,0,0,1,0.00
Sam Reinhart,29,1,1,1,1,2,0,1,1221,562,469,190,0,0,1,0,0,1,0,0,0,0,1,0,1,0,0,0.0,2.948,2.948,5.897,0.000,6.406,6.406,0.000,0.000,0.000,1.000,1.000,2.000,4,25.0,1,0,4,5,44.44
Rasmus Andersson,28,0,1,1,1,2,0,1,1323,1006,90,227,1,0,0,0,0,1,0,0,1,1,2,0,0,1,1,0.0,2.721,2.721,5.442,3.579,3.579,7.157,0.000,0.000,0.000,1.000,1.000,2.000,3,33.3,0,6,0,0,0.00
Charlie McAvoy,27,0,1,1,1,2,0,1,1314,820,267,227,1,0,0,0,0,0,1,0,0,0,1,1,0,0,0,50.0,2.740,2.740,5.479,4.390,0.000,4.390,0.000,13.483,13.483,1.000,1.000,2.000,2,50.0,3,1,0,0,0.00
Evan Rodrigues,31,1,1,1,1,2,0,2,936,691,245,0,1,0,0,0,0,1,0,0,0,0,2,0,0,0,0,0.0,3.846,3.846,7.692,5.210,5.210,10.420,0.000,0.000,0.000,1.000,1.000,2.000,2,50.0,1,1,2,1,66.67
Martin Pospisil,25,1,1,1,1,2,2,1,947,885,0,62,1,0,0,0,0,1,0,0,1,1,2,0,0,1,1,0.0,3.801,3.801,7.603,4.068,4.068,8.136,0.000,0.000,0.000,1.000,1.000,2.000,2,50.0,1,2,3,9,25.00
Barrett Hayton,24,1,1,1,1,2,0,1,976,923,47,6,1,0,0,1,0,1,0,0,0,0,2,0,0,1,0,0.0,3.689,3.689,7.377,3.900,3.900,7.801,0.000,0.000,0.000,1.000,1.000,2.000,3,33.3,0,1,12,7,63.16
Alexis Lafrenière,23,1,1,1,1,2,0,2,942,891,51,0,1,0,0,0,0,1,0,0,0,0,2,0,0,0,0,0.0,3.822,3.822,7.643,4.040,4.040,8.081,0.000,0.000,0.000,1.000,1.000,2.000,3,33.3,2,1,0,0,0.00
Connor Zary,23,1,1,1,1,2,0,1,1089,918,171,0,1,0,0,1,1,0,1,0,0,0,1,1,0,1,1,50.0,3.306,3.306,6.612,3.922,0.000,3.922,0.000,21.053,21.053,1.000,1.000,2.000,3,33.3,1,0,0,1,0.00
Stefan Noesen,31,1,2,1,1,2,0,1,749,607,102,40,1,0,0,0,0,0,1,0,0,0,1,1,0,0,0,50.0,2.402,2.402,4.803,2.963,0.000,2.963,0.000,17.647,17.647,0.500,0.500,1.000,3,33.3,2,0,2,1,66.67
Johnathan Kovacevic,27,0,2,1,1,2,0,2,1326,1068,12,245,1,0,0,1,0,1,0,0,0,0,2,0,0,1,0,0.0,1.357,1.357,2.715,1.685,1.685,3.369,0.000,0.000,0.000,0.500,0.500,1.000,1,100.0,2,4,0,0,0.00
Nazem Kadri,34,1,1,0,2,2,0,1,1310,1113,169,28,0,0,0,0,0,1,1,0,0,0,1,1,0,0,0,50.0,0.000,5.496,5.496,0.000,3.234,3.234,0.000,21.302,21.302,0.000,2.000,2.000,2,0.0,1,0,17,10,62.96
Artemi Panarin,33,1,1,0,2,2,0,2,1005,812,191,2,0,0,0,0,0,2,0,0,0,0,2,0,0,0,0,0.0,0.000,7.164,7.164,0.000,8.867,8.867,0.000,0.000,0.000,0.000,2.000,2.000,2,0.0,0,0,0,0,0.00
Nino Niederreiter,32,1,1,0,2,2,0,3,952,883,69,0,0,0,0,0,0,2,0,0,1,0,2,0,0,1,0,0.0,0.000,7.563,7.563,0.000,8.154,8.154,0.000,0.000,0.000,0.000,2.000,2.000,1,0.0,0,2,1,0,100.00
Justin Faulk,32,0,1,0,2,2,0,1,1390,1207,130,53,0,0,0,0,0,1,1,0,0,0,1,1,0,0,0,50.0,0.000,5.180,5.180,0.000,2.983,2.983,0.000,27.692,27.692,0.000,2.000,2.000,0,0.00,2,1,0,0,0.00
Jacob Trouba,30,0,1,0,2,2,2,2,1115,986,1,128,0,0,0,0,0,2,0,0,1,0,2,0,0,1,0,0.0,0.000,6.457,6.457,0.000,7.302,7.302,0.000,0.000,0.000,0.000,2.000,2.000,4,0.0,1,5,0,0,0.00
Nathan MacKinnon,29,1,1,0,2,2,0,-2,1293,1054,239,0,0,0,0,0,0,1,1,0,0,0,1,1,0,0,0,50.0,0.000,5.568,5.568,0.000,3.416,3.416,0.000,15.063,15.063,0.000,2.000,2.000,4,0.0,0,1,7,8,46.67
Josh Morrissey,29,0,1,0,2,2,0,2,1419,1271,115,33,0,0,0,0,0,1,1,0,0,0,1,1,0,0,0,50.0,0.000,5.074,5.074,0.000,2.832,2.832,0.000,31.304,31.304,0.000,2.000,2.000,1,0.0,0,3,0,0,0.00
Nick Schmaltz,28,1,1,0,2,2,0,1,1023,898,45,80,0,0,0,0,0,2,0,0,1,0,2,0,0,1,0,0.0,0.000,7.038,7.038,0.000,8.018,8.018,0.000,0.000,0.000,0.000,2.000,2.000,2,0.0,0,3,0,0,0.00
Samuel Girard,26,0,1,0,2,2,0,0,1244,1185,22,37,0,0,0,0,0,2,0,0,0,0,2,0,0,0,0,0.0,0.000,5.788,5.788,0.000,6.076,6.076,0.000,0.000,0.000,0.000,2.000,2.000,1,0.0,0,1,0,0,0.00
Quinn Hughes,25,0,1,0,2,2,0,2,1428,1191,218,19,0,0,0,0,0,2,0,0,0,0,2,0,0,0,0,0.0,0.000,5.042,5.042,0.000,6.045,6.045,0.000,0.000,0.000,0.000,2.000,2.000,0,0.00,0,2,0,0,0.00
Cale Makar,26,0,1,0,2,2,0,-1,1575,1177,256,142,0,0,0,0,0,1,1,0,0,0,1,1,0,0,0,50.0,0.000,4.571,4.571,0.000,3.059,3.059,0.000,14.063,14.063,0.000,2.000,2.000,1,0.0,1,1,0,0,0.00
Connor Bedard,19,1,1,0,2,2,0,1,1274,1068,206,0,0,0,0,0,0,2,0,0,0,0,2,0,0,0,0,0.0,0.000,5.651,5.651,0.000,6.742,6.742,0.000,0.000,0.000,0.000,2.000,2.000,5,0.0,1,1,9,7,56.25
Logan Cooley,20,1,1,0,2,2,0,1,1055,922,56,77,0,0,0,0,0,2,0,0,0,0,2,0,0,0,0,0.0,0.000,6.825,6.825,0.000,7.809,7.809,0.000,0.000,0.000,0.000,2.000,2.000,3,0.0,2,0,3,3,50.00
Nathan Bastian,27,1,2,0,2,2,2,2,627,570,7,49,0,0,0,0,0,2,0,0,0,0,2,0,0,0,0,0.0,0.000,5.742,5.742,0.000,6.316,6.316,0.000,0.000,0.000,0.000,1.000,1.000,1,0.0,0,1,0,0,0.00
Jack Hughes,23,1,2,0,2,2,0,1,1176,932,233,10,0,0,0,0,0,2,0,0,1,0,2,0,0,1,0,0.0,0.000,3.061,3.061,0.000,3.863,3.863,0.000,0.000,0.000,0.000,1.000,1.000,8,0.0,0,1,2,12,14.29
Nick Foligno,37,1,1,1,0,1,0,-1,834,757,0,77,1,0,0,0,0,0,0,0,0,0,1,0,0,0,0,0.0,4.317,0.000,4.317,4.756,0.000,4.756,0.000,0.000,0.000,1.000,0.000,1.000,2,50.0,6,0,1,1,50.00
Teuvo Teräväinen,30,1,1,1,0,1,0,1,1234,959,202,73,1,0,0,0,0,0,0,0,0,0,1,0,0,0,0,0.0,2.917,0.000,2.917,3.754,0.000,3.754,0.000,0.000,0.000,1.000,0.000,1.000,1,100.0,0,1,0,2,0.00
Jonathan Huberdeau,31,1,1,1,0,1,0,0,1219,968,166,85,1,0,0,1,0,0,0,0,0,0,1,0,0,1,0,0.0,2.953,0.000,2.953,3.719,0.000,3.719,0.000,0.000,0.000,1.000,0.000,1.000,4,25.0,0,0,0,1,0.00
Vincent Trocheck,31,1,1,1,0,1,0,3,1079,843,56,180,1,0,0,0,0,0,0,0,0,0,1,0,0,0,0,0.0,3.336,0.000,3.336,4.270,0.000,4.270,0.000,0.000,0.000,1.000,0.000,1.000,3,33.3,1,2,7,6,53.85
Sam Carrick,32,1,1,1,0,1,0,1,781,714,0,67,1,0,0,1,0,0,0,0,0,0,1,0,0,1,0,0.0,4.609,0.000,4.609,5.042,0.000,5.042,0.000,0.000,0.000,1.000,0.000,1.000,2,50.0,0,0,5,5,50.00
David Pastrnak,28,1,1,1,0,1,0,-2,1171,891,277,3,0,1,0,0,0,0,0,0,0,0,0,1,0,0,0,100.0,3.074,0.000,3.074,0.000,0.000,0.000,12.996,0.000,12.996,1.000,0.000,1.000,5,20.0,0,0,0,0,0.00
Pavel Zacha,27,1,1,1,0,1,0,0,1209,701,272,236,0,0,1,0,0,0,0,0,0,0,0,0,1,0,0,0.0,2.978,0.000,2.978,0.000,0.000,0.000,0.000,0.000,0.000,1.000,0.000,1.000,3,33.3,1,0,5,6,45.45
Mackenzie Weegar,30,0,1,1,0,1,0,0,1353,1037,192,124,0,1,0,0,0,0,0,0,0,0,0,1,0,0,0,100.0,2.661,0.000,2.661,0.000,0.000,0.000,18.750,0.000,18.750,1.000,0.000,1.000,5,20.0,2,5,0,0,0.00
Lawson Crouse,27,1,1,1,0,1,0,1,836,686,56,94,1,0,0,0,0,0,0,0,0,0,1,0,0,0,0,0.0,4.306,0.000,4.306,5.248,0.000,5.248,0.000,0.000,0.000,1.000,0.000,1.000,1,100.0,1,0,0,0,0.00
Kyle Connor,28,1,1,1,0,1,2,0,1079,964,115,0,0,1,0,0,0,0,0,0,0,0,0,1,0,0,0,100.0,3.336,0.000,3.336,0.000,0.000,0.000,31.304,0.000,31.304,1.000,0.000,1.000,1,100.0,0,3,0,0,0.00
Brett Howden,26,1,1,1,0,1,0,0,799,677,0,122,1,0,0,0,0,0,0,0,0,0,1,0,0,0,0,0.0,4.506,0.000,4.506,5.318,0.000,5.318,0.000,0.000,0.000,1.000,0.000,1.000,4,25.0,1,0,5,1,83.33
Clayton Keller,26,1,1,1,0,1,4,1,1049,1000,49,0,1,0,0,0,0,0,0,0,0,0,1,0,0,0,0,0.0,3.432,0.000,3.432,3.600,0.000,3.600,0.000,0.000,0.000,1.000,0.000,1.000,3,33.3,0,1,1,0,100.00
Daniel Sprong,27,1,1,1,0,1,0,-1,787,640,147,0,0,1,0,0,0,0,0,0,0,0,0,1,0,0,0,100.0,4.574,0.000,4.574,0.000,0.000,0.000,24.490,0.000,24.490,1.000,0.000,1.000,2,50.0,0,0,0,0,0.00
Conor Garland,28,1,1,1,0,1,0,0,1025,813,164,48,1,0,0,0,0,0,0,0,0,0,1,0,0,0,0,0.0,3.512,0.000,3.512,4.428,0.000,4.428,0.000,0.000,0.000,1.000,0.000,1.000,2,50.0,1,1,0,0,0.00
Eeli Tolvanen,25,1,1,1,0,1,0,1,806,806,0,0,1,0,0,0,0,0,0,0,0,0,1,0,0,0,0,0.0,4.466,0.000,4.466,4.466,0.000,4.466,0.000,0.000,0.000,1.000,0.000,1.000,2,50.0,1,1,0,0,0.00
Trent Frederic,26,1,1,1,0,1,4,-2,840,652,103,85,1,0,0,0,0,0,0,0,0,0,1,0,0,0,0,0.0,4.286,0.000,4.286,5.521,0.000,5.521,0.000,0.000,0.000,1.000,0.000,1.000,2,50.0,1,1,2,3,40.00
Casey Mittelstadt,26,1,1,1,0,1,0,-1,1187,917,270,0,1,0,0,0,0,0,0,0,0,0,1,0,0,0,0,0.0,3.033,0.000,3.033,3.926,0.000,3.926,0.000,0.000,0.000,1.000,0.000,1.000,3,33.3,0,0,4,2,66.67
Vince Dunn,28,0,1,1,0,1,2,0,1363,1294,53,16,1,0,0,0,0,0,0,0,0,0,1,0,0,0,0,0.0,2.641,0.000,2.641,2.782,0.000,2.782,0.000,0.000,0.000,1.000,0.000,1.000,4,25.0,2,6,0,0,0.00
Jonah Gadjovich,26,1,1,1,0,1,0,0,477,471,6,0,1,0,0,1,0,0,0,0,0,0,1,0,0,1,0,0.0,7.547,0.000,7.547,7.643,0.000,7.643,0.000,0.000,0.000,1.000,0.000,1.000,1,100.0,4,0,0,0,0.00
Eetu Luostarinen,26,1,1,1,0,1,0,0,865,697,0,168,1,0,0,0,0,0,0,0,0,0,1,0,0,0,0,0.0,4.162,0.000,4.162,5.165,0.000,5.165,0.000,0.000,0.000,1.000,0.000,1.000,4,25.0,4,0,1,1,50.00
Rasmus Kupari,24,1,1,1,0,1,0,1,736,718,0,18,1,0,0,0,0,0,0,0,0,0,1,0,0,0,0,0.0,4.891,0.000,4.891,5.014,0.000,5.014,0.000,0.000,0.000,1.000,0.000,1.000,2,50.0,0,1,6,4,60.00
Filip Chytil,25,1,1,1,0,1,2,1,908,849,59,0,1,0,0,0,0,0,0,0,0,0,1,0,0,0,0,0.0,3.965,0.000,3.965,4.240,0.000,4.240,0.000,0.000,0.000,1.000,0.000,1.000,5,20.0,0,0,2,7,22.22
Dylan Samberg,25,0,1,1,0,1,0,2,1401,1312,0,89,1,0,0,0,0,0,0,0,0,0,1,0,0,0,0,0.0,2.570,0.000,2.570,2.744,0.000,2.744,0.000,0.000,0.000,1.000,0.000,1.000,1,100.0,0,1,0,0,0.00
Philip Broberg,23,0,1,1,0,1,0,1,1223,1223,0,0,1,0,0,0,0,0,0,0,0,0,1,0,0,0,0,0.0,2.944,0.000,2.944,2.944,0.000,2.944,0.000,0.000,0.000,1.000,0.000,1.000,1,100.0,1,2,0,0,0.00
Zach Whitecloud,28,0,1,1,0,1,0,1,1013,893,0,120,1,0,0,0,0,0,0,0,0,0,1,0,0,0,0,0.0,3.554,0.000,3.554,4.031,0.000,4.031,0.000,0.000,0.000,1.000,0.000,1.000,1,100.0,2,0,0,0,0.00
Cole Caufield,23,1,1,1,0,1,0,0,1063,804,259,0,0,1,0,1,0,0,0,0,0,0,0,1,0,1,0,100.0,3.387,0.000,3.387,0.000,0.000,0.000,13.900,0.000,13.900,1.000,0.000,1.000,4,25.0,0,0,0,0,0.00
Timo Meier,28,1,2,1,0,1,0,0,1127,903,224,0,1,0,0,0,0,0,0,0,0,0,1,0,0,0,0,0.0,1.596,0.000,1.596,1.992,0.000,1.992,0.000,0.000,0.000,0.500,0.000,0.500,10,10.0,3,3,1,0,100.00
Nico Hischier,25,1,2,1,0,1,0,2,1169,820,216,133,1,0,0,0,0,0,0,0,0,0,1,0,0,0,0,0.0,1.539,0.000,1.539,2.195,0.000,2.195,0.000,0.000,0.000,0.500,0.000,0.500,5,20.0,1,2,36,22,62.07
Tage Thompson,27,1,2,1,0,1,2,-1,1217,1061,147,9,1,0,0,0,0,0,0,0,0,0,1,0,0,0,0,0.0,1.478,0.000,1.478,1.696,0.000,1.696,0.000,0.000,0.000,0.500,0.000,0.500,6,16.7,0,2,15,14,51.72
Owen Power,22,0,2,1,0,1,0,0,1444,1163,191,89,1,0,0,0,0,0,0,0,0,0,1,0,0,0,0,0.0,1.246,0.000,1.246,1.547,0.000,1.547,0.000,0.000,0.000,0.500,0.000,0.500,5,20.0,1,2,0,0,0.00
Seamus Casey,20,0,2,1,0,1,0,0,761,641,120,0,0,1,0,0,0,0,0,0,0,0,0,1,0,0,0,100.0,2.364,0.000,2.364,0.000,0.000,0.000,15.000,0.000,15.000,0.500,0.000,0.500,2,50.0,2,2,0,0,0.00
Alex Pietrangelo,34,0,1,0,1,1,0,1,1212,1060,30,122,0,0,0,0,0,1,0,0,0,0,1,0,0,0,0,0.0,0.000,2.970,2.970,0.000,3.396,3.396,0.000,0.000,0.000,0.000,1.000,1.000,2,0.0,1,0,0,0,0.00
Jordan Eberle,34,1,1,0,1,1,0,0,958,905,53,0,0,0,0,0,0,1,0,0,0,0,1,0,0,0,0,0.0,0.000,3.758,3.758,0.000,3.978,3.978,0.000,0.000,0.000,0.000,1.000,1.000,1,0.0,0,1,1,1,50.00
Ian Cole,35,0,1,0,1,1,2,2,1252,1076,0,176,0,0,0,0,0,1,0,0,0,0,1,0,0,0,0,0.0,0.000,2.875,2.875,0.000,3.346,3.346,0.000,0.000,0.000,0.000,1.000,1.000,0,0.00,0,7,0,0,0.00
Brayden McNabb,33,0,1,0,1,1,2,3,1141,1045,0,96,0,0,0,0,0,1,0,0,0,0,1,0,0,0,0,0.0,0.000,3.155,3.155,0.000,3.445,3.445,0.000,0.000,0.000,0.000,1.000,1.000,0,0.00,3,1,0,0,0.00
Reilly Smith,33,1,1,0,1,1,2,1,894,727,63,104,0,0,0,0,0,1,0,0,0,0,1,0,0,0,0,0.0,0.000,4.027,4.027,0.000,4.952,4.952,0.000,0.000,0.000,0.000,1.000,1.000,1,0.0,0,1,0,0,0.00
Elias Lindholm,30,1,1,0,1,1,0,0,1160,669,271,220,0,0,0,0,0,0,0,1,0,0,0,0,1,0,0,0.0,0.000,3.103,3.103,0.000,0.000,0.000,0.000,0.000,0.000,0.000,1.000,1.000,2,0.0,1,3,3,6,33.33
Aleksander Barkov,29,1,1,0,1,1,0,0,1211,582,459,170,0,0,0,0,0,0,0,1,0,0,0,0,1,0,0,0.0,0.000,2.973,2.973,0.000,0.000,0.000,0.000,0.000,0.000,0.000,1.000,1.000,1,0.0,0,2,10,4,71.43
Tanner Pearson,32,1,1,0,1,1,0,1,645,578,0,67,0,0,0,0,0,1,0,0,0,0,1,0,0,0,0,0.0,0.000,5.581,5.581,0.000,6.228,6.228,0.000,0.000,0.000,0.000,1.000,1.000,1,0.0,0,0,0,1,0.00
Tomas Hertl,31,1,1,0,1,1,0,-1,1213,1043,149,21,0,0,0,0,0,0,1,0,1,0,0,1,0,1,0,100.0,0.000,2.968,2.968,0.000,0.000,0.000,0.000,24.161,24.161,0.000,1.000,1.000,0,0.00,0,2,12,6,66.67
Seth Jones,30,0,1,0,1,1,0,0,1602,1316,228,58,0,0,0,0,0,1,0,0,0,0,1,0,0,0,0,0.0,0.000,2.247,2.247,0.000,2.736,2.736,0.000,0.000,0.000,0.000,1.000,1.000,2,0.0,0,0,0,0,0.00
Hampus Lindholm,30,0,1,0,1,1,0,1,1290,759,60,471,0,0,0,0,0,1,0,0,0,0,1,0,0,0,0,0.0,0.000,2.791,2.791,0.000,4.743,4.743,0.000,0.000,0.000,0.000,1.000,1.000,2,0.0,0,1,0,0,0.00
Aaron Ekblad,28,0,1,0,1,1,0,1,1596,911,379,306,0,0,0,0,0,1,0,0,0,0,1,0,0,0,0,0.0,0.000,2.256,2.256,0.000,3.952,3.952,0.000,0.000,0.000,0.000,1.000,1.000,2,0.0,0,0,0,0,0.00
Josh Manson,33,0,1,0,1,1,0,-1,1100,1062,0,38,0,0,0,0,0,1,0,0,0,0,1,0,0,0,0,0.0,0.000,3.273,3.273,0.000,3.390,3.390,0.000,0.000,0.000,0.000,1.000,1.000,3,0.0,2,0,0,0,0.00
Andrei Kuzmenko,28,1,1,0,1,1,0,1,922,738,184,0,0,0,0,0,0,1,0,0,0,0,1,0,0,0,0,0.0,0.000,3.905,3.905,0.000,4.878,4.878,0.000,0.000,0.000,0.000,1.000,1.000,2,0.0,0,0,0,0,0.00
Noah Hanifin,27,0,1,0,1,1,0,0,1367,1167,21,179,0,0,0,0,0,1,0,0,0,0,1,0,0,0,0,0.0,0.000,2.634,2.634,0.000,3.085,3.085,0.000,0.000,0.000,0.000,1.000,1.000,0,0.00,0,2,0,0,0.00
Nikolaj Ehlers,28,1,1,0,1,1,0,0,832,717,115,0,0,0,0,0,0,0,1,0,0,0,0,1,0,0,0,100.0,0.000,4.327,4.327,0.000,0.000,0.000,0.000,31.304,31.304,0.000,1.000,1.000,0,0.00,0,0,0,0,0.00
Filip Hronek,27,0,1,0,1,1,0,1,1343,1029,151,163,0,0,0,0,0,0,1,0,0,0,0,1,0,0,0,100.0,0.000,2.681,2.681,0.000,0.000,0.000,0.000,23.841,23.841,0.000,1.000,1.000,2,0.0,2,1,0,0,0.00
Jonny Brodzinski,31,1,1,0,1,1,0,1,592,592,0,0,0,0,0,0,0,1,0,0,1,0,1,0,0,1,0,0.0,0.000,6.081,6.081,0.000,6.081,6.081,0.000,0.000,0.000,0.000,1.000,1.000,0,0.00,0,1,1,0,100.00
Mikhail Sergachev,26,0,1,0,1,1,0,0,1432,1163,42,227,0,0,0,0,0,1,0,0,1,0,1,0,0,1,0,0.0,0.000,2.514,2.514,0.000,3.095,3.095,0.000,0.000,0.000,0.000,1.000,1.000,1,0.0,0,1,0,0,0.00
Matthew Tkachuk,27,1,1,0,1,1,2,2,1002,523,466,13,0,0,0,0,0,1,0,0,0,0,1,0,0,0,0,0.0,0.000,3.593,3.593,0.000,6.883,6.883,0.000,0.000,0.000,0.000,1.000,1.000,3,0.0,0,0,0,0,0.00
William Borgen,28,0,1,0,1,1,0,1,947,886,0,61,0,0,0,0,0,1,0,0,0,0,1,0,0,0,0,0.0,0.000,3.801,3.801,0.000,4.063,4.063,0.000,0.000,0.000,0.000,1.000,1.000,2,0.0,4,0,0,0,0.00
Jesper Boqvist,26,1,1,0,1,1,0,0,694,634,6,54,0,0,0,0,0,1,0,0,1,0,1,0,0,1,0,0.0,0.000,5.187,5.187,0.000,5.678,5.678,0.000,0.000,0.000,0.000,1.000,1.000,0,0.00,2,0,4,8,33.33
Uvis Balinskis,28,0,1,0,1,1,2,1,920,637,283,0,0,0,0,0,0,1,0,0,1,0,1,0,0,1,0,0.0,0.000,3.913,3.913,0.000,5.651,5.651,0.000,0.000,0.000,0.000,1.000,1.000,0,0.00,0,0,0,0,0.00
Danton Heinen,29,1,1,0,1,1,2,0,840,642,154,44,0,0,0,0,0,0,1,0,0,0,0,1,0,0,0,100.0,0.000,4.286,4.286,0.000,0.000,0.000,0.000,23.377,23.377,0.000,1.000,1.000,0,0.00,0,1,3,0,100.00
Elias Pettersson,26,1,1,0,1,1,0,0,1414,1093,211,110,0,0,0,0,0,0,1,0,0,0,0,1,0,0,0,100.0,0.000,2.546,2.546,0.000,0.000,0.000,0.000,17.062,17.062,0.000,1.000,1.000,1,0.0,1,1,7,8,46.67
Robert Thomas,25,1,1,0,1,1,0,0,1145,965,134,46,0,0,0,0,0,0,1,0,0,0,0,1,0,0,0,100.0,0.000,3.144,3.144,0.000,0.000,0.000,0.000,26.866,26.866,0.000,1.000,1.000,0,0.00,0,2,19,7,73.08
Justin Brazeau,26,1,1,0,1,1,0,-2,669,516,153,0,0,0,0,0,0,1,0,0,0,0,1,0,0,0,0,0.0,0.000,5.381,5.381,0.000,6.977,6.977,0.000,0.000,0.000,0.000,1.000,1.000,0,0.00,0,1,0,1,0.00
Sean Durzi,26,0,1,0,1,1,5,0,1321,1147,78,96,0,0,0,0,0,1,0,0,0,0,1,0,0,0,0,0.0,0.000,2.725,2.725,0.000,3.139,3.139,0.000,0.000,0.000,0.000,1.000,1.000,0,0.00,0,3,0,0,0.00
Gabriel Vilardi,25,1,1,0,1,1,0,0,1046,931,115,0,0,0,0,0,0,0,1,0,0,0,0,1,0,0,0,100.0,0.000,3.442,3.442,0.000,0.000,0.000,0.000,31.304,31.304,0.000,1.000,1.000,0,0.00,0,1,1,0,100.00
Jake Bean,26,0,1,0,1,1,0,1,1091,1034,17,40,0,0,0,0,0,1,0,0,1,0,1,0,0,1,0,0.0,0.000,3.300,3.300,0.000,3.482,3.482,0.000,0.000,0.000,0.000,1.000,1.000,0,0.00,0,1,0,0,0.00
Jake DeBrusk,28,1,1,0,1,1,0,0,1124,875,212,37,0,0,0,0,0,0,1,0,0,0,0,1,0,0,0,100.0,0.000,3.203,3.203,0.000,0.000,0.000,0.000,16.981,16.981,0.000,1.000,1.000,2,0.0,1,1,0,0,0.00
Brayden Pachal,25,0,1,0,1,1,0,0,1099,982,17,100,0,0,0,0,0,1,0,0,1,0,1,0,0,1,0,0.0,0.000,3.276,3.276,0.000,3.666,3.666,0.000,0.000,0.000,0.000,1.000,1.000,0,0.00,2,0,0,0,0.00
Devon Toews,30,0,1,0,1,1,4,-1,1242,1119,24,99,0,0,0,0,0,1,0,0,0,0,1,0,0,0,0,0.0,0.000,2.899,2.899,0.000,3.217,3.217,0.000,0.000,0.000,0.000,1.000,1.000,1,0.0,0,0,0,0,0.00
Andrew Peeke,26,0,1,0,1,1,0,-1,1066,852,18,196,0,0,0,0,0,0,0,1,0,0,0,0,1,0,0,0.0,0.000,3.377,3.377,0.000,0.000,0.000,0.000,0.000,0.000,0.000,1.000,1.000,1,0.0,2,2,0,0,0.00
Kevin Bahl,24,0,1,0,1,1,0,1,1096,892,0,204,0,0,0,0,0,1,0,0,0,0,1,0,0,0,0,0.0,0.000,3.285,3.285,0.000,4.036,4.036,0.000,0.000,0.000,0.000,1.000,1.000,0,0.00,2,1,0,0,0.00
Kirby Dach,23,1,1,0,1,1,0,0,959,670,289,0,0,0,0,0,0,0,1,0,1,0,0,1,0,1,0,100.0,0.000,3.754,3.754,0.000,0.000,0.000,0.000,12.457,12.457,0.000,1.000,1.000,1,0.0,3,1,0,4,0.00
Alexandre Texier,25,1,1,0,1,1,0,0,783,783,0,0,0,0,0,0,0,1,0,0,1,0,1,0,0,1,0,0.0,0.000,4.598,4.598,0.000,4.598,4.598,0.000,0.000,0.000,0.000,1.000,1.000,2,0.0,0,3,0,0,0.00
Morgan Barron,26,1,1,0,1,1,0,1,748,703,0,45,0,0,0,0,0,1,0,0,0,0,1,0,0,0,0,0.0,0.000,4.813,4.813,0.000,5.121,5.121,0.000,0.000,0.000,0.000,1.000,1.000,1,0.0,1,0,0,0,0.00
Nils Höglander,24,1,1,0,1,1,0,0,904,739,165,0,0,0,0,0,0,1,0,0,0,0,1,0,0,0,0,0.0,0.000,3.982,3.982,0.000,4.871,4.871,0.000,0.000,0.000,0.000,1.000,1.000,3,0.0,1,0,0,0,0.00
Neal Pionk,29,0,1,0,1,1,0,2,1160,1078,49,33,0,0,0,0,0,1,0,0,0,0,1,0,0,0,0,0.0,0.000,3.103,3.103,0.000,3.340,3.340,0.000,0.000,0.000,0.000,1.000,1.000,1,0.0,0,2,0,0,0.00
Aatu Räty,22,1,1,0,1,1,0,0,526,526,0,0,0,0,0,0,0,1,0,0,0,0,1,0,0,0,0,0.0,0.000,6.844,6.844,0.000,6.844,6.844,0.000,0.000,0.000,0.000,1.000,1.000,0,0.00,0,0,5,1,83.33
Anton Lundell,23,1,1,0,1,1,2,0,1019,635,244,140,0,0,0,0,0,1,0,0,0,0,1,0,0,0,0,0.0,0.000,3.533,3.533,0.000,5.669,5.669,0.000,0.000,0.000,0.000,1.000,1.000,5,0.0,2,1,6,6,50.00
Michael Kesselring,24,0,1,0,1,1,0,3,1063,957,17,89,0,0,0,0,0,1,0,0,0,0,1,0,0,0,0,0.0,0.000,3.387,3.387,0.000,3.762,3.762,0.000,0.000,0.000,0.000,1.000,1.000,1,0.0,2,2,0,0,0.00
John Beecher,23,1,1,0,1,1,0,0,918,575,4,339,0,0,0,0,0,1,0,0,0,0,1,0,0,0,0,0.0,0.000,3.922,3.922,0.000,6.261,6.261,0.000,0.000,0.000,0.000,1.000,1.000,3,0.0,1,3,3,2,60.00
Alex Vlasic,23,0,1,0,1,1,0,-1,1142,1081,0,61,0,0,0,0,0,1,0,0,0,0,1,0,0,0,0,0.0,0.000,3.152,3.152,0.000,3.330,3.330,0.000,0.000,0.000,0.000,1.000,1.000,1,0.0,0,3,0,0,0.00
Ryker Evans,23,0,1,0,1,1,0,1,981,981,0,0,0,0,0,0,0,1,0,0,0,0,1,0,0,0,0,0.0,0.000,3.670,3.670,0.000,3.670,3.670,0.000,0.000,0.000,0.000,1.000,1.000,2,0.0,1,0,0,0,0.00
Will Cuylle,22,1,1,0,1,1,2,1,920,855,0,65,0,0,0,0,0,1,0,0,0,0,1,0,0,0,0,0.0,0.000,3.913,3.913,0.000,4.211,4.211,0.000,0.000,0.000,0.000,1.000,1.000,1,0.0,3,0,0,1,0.00
Dylan Holloway,23,1,1,0,1,1,0,0,961,920,0,41,0,0,0,0,0,1,0,0,0,0,1,0,0,0,0,0.0,0.000,3.746,3.746,0.000,3.913,3.913,0.000,0.000,0.000,0.000,1.000,1.000,1,0.0,3,0,0,0,0.00
Juraj Slafkovsky,20,1,1,0,1,1,0,0,1081,791,290,0,0,0,0,0,0,0,1,0,1,0,0,1,0,1,0,100.0,0.000,3.330,3.330,0.000,0.000,0.000,0.000,12.414,12.414,0.000,1.000,1.000,1,0.0,3,2,0,1,0.00
Erik Haula,33,1,2,0,1,1,2,0,796,599,89,107,0,0,0,0,0,0,1,0,0,0,0,1,0,0,0,100.0,0.000,2.261,2.261,0.000,0.000,0.000,0.000,20.112,20.112,0.000,0.500,0.500,0,0.00,3,1,12,7,63.16
Alex Tuch,28,1,2,0,1,1,7,-2,1279,1011,132,135,0,0,0,0,0,1,0,0,0,0,1,0,0,0,0,0.0,0.000,1.407,1.407,0.000,1.780,1.780,0.000,0.000,0.000,0.000,0.500,0.500,2,0.0,5,4,4,8,33.33
Jonas Siegenthaler,27,0,2,0,1,1,0,2,1364,1178,7,179,0,0,0,0,0,1,0,0,1,0,1,0,0,1,0,0.0,0.000,1.319,1.319,0.000,1.528,1.528,0.000,0.000,0.000,0.000,0.500,0.500,2,0.0,5,5,0,0,0.00
Jordan Greenway,27,1,2,0,1,1,0,-1,1007,823,26,158,0,0,0,0,0,1,0,0,0,0,1,0,0,0,0,0.0,0.000,1.787,1.787,0.000,2.187,2.187,0.000,0.000,0.000,0.000,0.500,0.500,6,0.0,4,1,0,0,0.00
Jesper Bratt,26,1,2,0,1,1,0,0,1103,783,215,104,0,0,0,0,0,1,0,0,0,0,1,0,0,0,0,0.0,0.000,1.632,1.632,0.000,2.297,2.297,0.000,0.000,0.000,0.000,0.500,0.500,7,0.0,4,1,0,0,0.00
Bowen Byram,23,0,2,0,1,1,0,0,1405,1162,211,32,0,0,0,0,0,1,0,0,0,0,1,0,0,0,0,0.0,0.000,1.281,1.281,0.000,1.549,1.549,0.000,0.000,0.000,0.000,0.500,0.500,0,0.00,2,5,0,0,0.00
Dawson Mercer,23,1,2,0,1,1,0,1,1135,901,96,137,0,0,0,0,0,1,0,0,1,0,1,0,0,1,0,0.0,0.000,1.586,1.586,0.000,1.997,1.997,0.000,0.000,0.000,0.000,0.500,0.500,1,0.0,0,0,1,0,100.00
John Peterka,22,1,2,0,1,1,0,-2,630,520,110,0,0,0,0,0,0,1,0,0,0,0,1,0,0,0,0,0.0,0.000,2.855,2.855,0.000,3.462,3.462,0.000,0.000,0.000,0.000,0.500,0.500,2,0.0,1,0,0,0,0.00
Sidney Crosby,37,1,1,0,0,0,2,-2,1259,1035,223,1,0,0,0,0,0,0,0,0,0,0,0,0,0,0,0,0.0,0.000,0.000,0.000,0.000,0.000,0.000,0.000,0.000,0.000,0.000,0.000,0.000,2,0.0,2,1,11,14,44.00
Kristopher Letang,37,0,1,0,0,0,0,-2,1467,1186,218,63,0,0,0,0,0,0,0,0,0,0,0,0,0,0,0,0.0,0.000,0.000,0.000,0.000,0.000,0.000,0.000,0.000,0.000,0.000,0.000,0.000,1,0.0,2,0,0,0,0.00
Evgeni Malkin,38,1,1,0,0,0,0,-3,1040,815,225,0,0,0,0,0,0,0,0,0,0,0,0,0,0,0,0,0.0,0.000,0.000,0.000,0.000,0.000,0.000,0.000,0.000,0.000,0.000,0.000,0.000,1,0.0,1,1,3,6,33.33
Corey Perry,39,1,1,0,0,0,0,-1,736,736,0,0,0,0,0,0,0,0,0,0,0,0,0,0,0,0,0,0.0,0.000,0.000,0.000,0.000,0.000,0.000,0.000,0.000,0.000,0.000,0.000,0.000,2,0.0,0,0,0,0,0.00
Ryan Suter,39,0,1,0,0,0,0,-1,894,841,0,53,0,0,0,0,0,0,0,0,0,0,0,0,0,0,0,0.0,0.000,0.000,0.000,0.000,0.000,0.000,0.000,0.000,0.000,0.000,0.000,0.000,2,0.0,0,1,0,0,0.00
Max Pacioretty,36,1,1,0,0,0,2,0,804,595,209,0,0,0,0,0,0,0,0,0,0,0,0,0,0,0,0,0.0,0.000,0.000,0.000,0.000,0.000,0.000,0.000,0.000,0.000,0.000,0.000,0.000,2,0.0,4,0,1,0,100.00
Mikael Backlund,35,1,1,0,0,0,2,0,1279,1005,114,160,0,0,0,0,0,0,0,0,0,0,0,0,0,0,0,0.0,0.000,0.000,0.000,0.000,0.000,0.000,0.000,0.000,0.000,0.000,0.000,0.000,0,0.00,0,1,8,11,42.11
Dmitri Kulikov,34,0,1,0,0,0,0,1,1150,1015,6,129,0,0,0,0,0,0,0,0,0,0,0,0,0,0,0,0.0,0.000,0.000,0.000,0.000,0.000,0.000,0.000,0.000,0.000,0.000,0.000,0.000,0,0.00,0,1,0,0,0.00
Alec Martinez,37,0,1,0,0,0,0,-2,1471,1294,132,45,0,0,0,0,0,0,0,0,0,0,0,0,0,0,0,0.0,0.000,0.000,0.000,0.000,0.000,0.000,0.000,0.000,0.000,0.000,0.000,0.000,2,0.0,0,3,0,0,0.00
Erik Karlsson,34,0,1,0,0,0,0,-2,1261,1064,197,0,0,0,0,0,0,0,0,0,0,0,0,0,0,0,0,0.0,0.000,0.000,0.000,0.000,0.000,0.000,0.000,0.000,0.000,0.000,0.000,0.000,0,0.00,0,1,0,0,0.00
John Tavares,34,1,1,0,0,0,0,0,1128,868,260,0,0,0,0,0,0,0,0,0,0,0,0,0,0,0,0,0.0,0.000,0.000,0.000,0.000,0.000,0.000,0.000,0.000,0.000,0.000,0.000,0.000,4,0.0,1,0,8,3,72.73
Tyler Myers,34,0,1,0,0,0,0,-1,1178,1066,0,112,0,0,0,0,0,0,0,0,0,0,0,0,0,0,0,0.0,0.000,0.000,0.000,0.000,0.000,0.000,0.000,0.000,0.000,0.000,0.000,0.000,2,0.0,0,1,0,0,0.00
Brad Marchand,36,1,1,0,0,0,0,-2,1022,650,270,102,0,0,0,0,0,0,0,0,0,0,0,0,0,0,0,0.0,0.000,0.000,0.000,0.000,0.000,0.000,0.000,0.000,0.000,0.000,0.000,0.000,2,0.0,0,1,0,0,0.00
Lars Eller,35,1,1,0,0,0,0,-1,995,772,133,90,0,0,0,0,0,0,0,0,0,0,0,0,0,0,0,0.0,0.000,0.000,0.000,0.000,0.000,0.000,0.000,0.000,0.000,0.000,0.000,0.000,4,0.0,0,0,6,3,66.67
Brayden Schenn,33,1,1,0,0,0,2,-1,1122,1113,9,0,0,0,0,0,0,0,0,0,0,0,0,0,0,0,0,0.0,0.000,0.000,0.000,0.000,0.000,0.000,0.000,0.000,0.000,0.000,0.000,0.000,3,0.0,6,3,10,9,52.63
Jeff Skinner,32,1,1,0,0,0,0,-1,836,836,0,0,0,0,0,0,0,0,0,0,0,0,0,0,0,0,0,0.0,0.000,0.000,0.000,0.000,0.000,0.000,0.000,0.000,0.000,0.000,0.000,0.000,4,0.0,0,0,2,0,100.00
Nick Leddy,33,0,1,0,0,0,0,0,1459,1375,17,67,0,0,0,0,0,0,0,0,0,0,0,0,0,0,0,0.0,0.000,0.000,0.000,0.000,0.000,0.000,0.000,0.000,0.000,0.000,0.000,0.000,2,0.0,0,1,0,0,0.00
Taylor Hall,33,1,1,0,0,0,0,-2,1048,838,210,0,0,0,0,0,0,0,0,0,0,0,0,0,0,0,0,0.0,0.000,0.000,0.000,0.000,0.000,0.000,0.000,0.000,0.000,0.000,0.000,0.000,2,0.0,1,0,2,2,50.00
T.J. Brodie,34,0,1,0,0,0,0,-2,1005,979,26,0,0,0,0,0,0,0,0,0,0,0,0,0,0,0,0,0.0,0.000,0.000,0.000,0.000,0.000,0.000,0.000,0.000,0.000,0.000,0.000,0.000,1,0.0,1,0,0,0,0.00
Oliver Ekman-Larsson,33,0,1,0,0,0,2,0,1245,983,201,61,0,0,0,0,0,0,0,0,0,0,0,0,0,0,0,0.0,0.000,0.000,0.000,0.000,0.000,0.000,0.000,0.000,0.000,0.000,0.000,0.000,3,0.0,2,0,0,0,0.00
Ryan Reaves,37,1,1,0,0,0,0,0,456,446,10,0,0,0,0,0,0,0,0,0,0,0,0,0,0,0,0,0.0,0.000,0.000,0.000,0.000,0.000,0.000,0.000,0.000,0.000,0.000,0.000,0.000,1,0.0,0,0,0,0,0.00
Christopher Tanev,35,0,1,0,0,0,0,0,1097,867,20,210,0,0,0,0,0,0,0,0,0,0,0,0,0,0,0,0.0,0.000,0.000,0.000,0.000,0.000,0.000,0.000,0.000,0.000,0.000,0.000,0.000,1,0.0,0,4,0,0,0.00
Adam Henrique,34,1,1,0,0,0,0,0,818,731,0,87,0,0,0,0,0,0,0,0,0,0,0,0,0,0,0,0.0,0.000,0.000,0.000,0.000,0.000,0.000,0.000,0.000,0.000,0.000,0.000,0.000,2,0.0,0,0,5,5,50.00
David Savard,34,0,1,0,0,0,0,0,1205,958,0,247,0,0,0,0,0,0,0,0,0,0,0,0,0,0,0,0.0,0.000,0.000,0.000,0.000,0.000,0.000,0.000,0.000,0.000,0.000,0.000,0.000,0,0.00,0,4,0,0,0.00
Mika Zibanejad,31,1,1,0,0,0,0,1,954,651,189,114,0,0,0,0,0,0,0,0,0,0,0,0,0,0,0,0.0,0.000,0.000,0.000,0.000,0.000,0.000,0.000,0.000,0.000,0.000,0.000,0.000,0,0.00,0,0,14,8,63.64
Adam Larsson,32,0,1,0,0,0,4,1,1157,1055,0,102,0,0,0,0,0,0,0,0,0,0,0,0,0,0,0,0.0,0.000,0.000,0.000,0.000,0.000,0.000,0.000,0.000,0.000,0.000,0.000,0.000,1,0.0,2,4,0,0,0.00
Ryan Nugent-Hopkins,31,1,1,0,0,0,0,-2,1128,953,97,78,0,0,0,0,0,0,0,0,0,0,0,0,0,0,0,0.0,0.000,0.000,0.000,0.000,0.000,0.000,0.000,0.000,0.000,0.000,0.000,0.000,2,0.0,1,1,5,2,71.43
Mattias Ekholm,34,0,1,0,0,0,0,-1,1290,1238,23,29,0,0,0,0,0,0,0,0,0,0,0,0,0,0,0,0.0,0.000,0.000,0.000,0.000,0.000,0.000,0.000,0.000,0.000,0.000,0.000,0.000,2,0.0,0,1,0,0,0.00
Craig Smith,35,1,1,0,0,0,0,-1,733,579,154,0,0,0,0,0,0,0,0,0,0,0,0,0,0,0,0,0.0,0.000,0.000,0.000,0.000,0.000,0.000,0.000,0.000,0.000,0.000,0.000,0.000,0,0.00,0,0,0,1,0.00
Patrick Maroon,36,1,1,0,0,0,10,-1,807,658,149,0,0,0,0,0,0,0,0,0,0,0,0,0,0,0,0,0.0,0.000,0.000,0.000,0.000,0.000,0.000,0.000,0.000,0.000,0.000,0.000,0.000,1,0.0,1,0,0,1,0.00
Calvin de Haan,33,0,1,0,0,0,0,-1,774,732,0,42,0,0,0,0,0,0,0,0,0,0,0,0,0,0,0,0.0,0.000,0.000,0.000,0.000,0.000,0.000,0.000,0.000,0.000,0.000,0.000,0.000,1,0.0,0,2,0,0,0.00
Jaden Schwartz,32,1,1,0,0,0,0,-2,975,908,67,0,0,0,0,0,0,0,0,0,0,0,0,0,0,0,0,0.0,0.000,0.000,0.000,0.000,0.000,0.000,0.000,0.000,0.000,0.000,0.000,0.000,1,0.0,1,0,0,0,0.00
Viktor Arvidsson,31,1,1,0,0,0,0,-1,956,871,0,85,0,0,0,0,0,0,0,0,0,0,0,0,0,0,0,0.0,0.000,0.000,0.000,0.000,0.000,0.000,0.000,0.000,0.000,0.000,0.000,0.000,2,0.0,0,1,0,1,0.00
Mattias Janmark-Nylén,32,1,1,0,0,0,0,0,738,719,0,19,0,0,0,0,0,0,0,0,0,0,0,0,0,0,0,0.0,0.000,0.000,0.000,0.000,0.000,0.000,0.000,0.000,0.000,0.000,0.000,0.000,1,0.0,0,0,0,0,0.00
Joel Armia,31,1,1,0,0,0,0,0,981,596,148,237,0,0,0,0,0,0,0,0,0,0,0,0,0,0,0,0.0,0.000,0.000,0.000,0.000,0.000,0.000,0.000,0.000,0.000,0.000,0.000,0.000,3,0.0,2,0,0,0,0.00
Pavel Buchnevich,29,1,1,0,0,0,0,1,1117,959,125,33,0,0,0,0,0,0,0,0,0,0,0,0,0,0,0,0.0,0.000,0.000,0.000,0.000,0.000,0.000,0.000,0.000,0.000,0.000,0.000,0.000,3,0.0,0,0,7,8,46.67
Ondrej Palat,33,1,1,0,0,0,0,0,826,692,53,81,0,0,0,0,0,0,0,0,0,0,0,0,0,0,0,0.0,0.000,0.000,0.000,0.000,0.000,0.000,0.000,0.000,0.000,0.000,0.000,0.000,1,0.0,2,1,0,0,0.00
Yanni Gourde,33,1,1,0,0,0,7,0,812,812,0,0,0,0,0,0,0,0,0,0,0,0,0,0,0,0,0,0.0,0.000,0.000,0.000,0.000,0.000,0.000,0.000,0.000,0.000,0.000,0.000,0.000,1,0.0,1,0,4,7,36.36
Dylan Demelo,31,0,1,0,0,0,0,2,1173,1086,0,87,0,0,0,0,0,0,0,0,0,0,0,0,0,0,0,0.0,0.000,0.000,0.000,0.000,0.000,0.000,0.000,0.000,0.000,0.000,0.000,0.000,0,0.00,0,5,0,0,0.00
Kasperi Kapanen,28,1,1,0,0,0,0,-1,1065,1057,8,0,0,0,0,0,0,0,0,0,0,0,0,0,0,0,0,0.0,0.000,0.000,0.000,0.000,0.000,0.000,0.000,0.000,0.000,0.000,0.000,0.000,0,0.00,1,0,0,0,0.00
Rickard Rakell,31,1,1,0,0,0,0,-1,983,759,224,0,0,0,0,0,0,0,0,0,0,0,0,0,0,0,0,0.0,0.000,0.000,0.000,0.000,0.000,0.000,0.000,0.000,0.000,0.000,0.000,0.000,1,0.0,3,0,0,0,0.00
Brendan Gallagher,32,1,1,0,0,0,0,0,883,747,136,0,0,0,0,0,0,0,0,0,0,0,0,0,0,0,0,0.0,0.000,0.000,0.000,0.000,0.000,0.000,0.000,0.000,0.000,0.000,0.000,0.000,4,0.0,2,1,0,0,0.00
Jamie Oleksiak,32,0,1,0,0,0,0,-1,1180,1076,0,104,0,0,0,0,0,0,0,0,0,0,0,0,0,0,0,0.0,0.000,0.000,0.000,0.000,0.000,0.000,0.000,0.000,0.000,0.000,0.000,0.000,0,0.00,0,0,0,0,0.00
Charlie Coyle,32,1,1,0,0,0,0,-2,1016,532,149,335,0,0,0,0,0,0,0,0,0,0,0,0,0,0,0,0.0,0.000,0.000,0.000,0.000,0.000,0.000,0.000,0.000,0.000,0.000,0.000,0.000,0,0.00,2,0,9,10,47.37
Jonathan Drouin,29,1,1,0,0,0,0,-1,1285,1028,257,0,0,0,0,0,0,0,0,0,0,0,0,0,0,0,0,0.0,0.000,0.000,0.000,0.000,0.000,0.000,0.000,0.000,0.000,0.000,0.000,0.000,0,0.00,0,0,0,0,0.00
Morgan Rielly,30,0,1,0,0,0,0,0,1445,1096,278,71,0,0,0,0,0,0,0,0,0,0,0,0,0,0,0,0.0,0.000,0.000,0.000,0.000,0.000,0.000,0.000,0.000,0.000,0.000,0.000,0.000,4,0.0,1,2,0,0,0.00
Radek Faksa,30,1,1,0,0,0,2,0,598,552,0,46,0,0,0,0,0,0,0,0,0,0,0,0,0,0,0,0.0,0.000,0.000,0.000,0.000,0.000,0.000,0.000,0.000,0.000,0.000,0.000,0.000,0,0.00,1,0,3,6,33.33
Leon Draisaitl,29,1,1,0,0,0,2,-2,1055,935,120,0,0,0,0,0,0,0,0,0,0,0,0,0,0,0,0,0.0,0.000,0.000,0.000,0.000,0.000,0.000,0.000,0.000,0.000,0.000,0.000,0.000,3,0.0,2,0,9,8,52.94
Jake McCabe,31,0,1,0,0,0,2,0,1097,879,33,185,0,0,0,0,0,0,0,0,0,0,0,0,0,0,0,0.0,0.000,0.000,0.000,0.000,0.000,0.000,0.000,0.000,0.000,0.000,0.000,0.000,2,0.0,1,1,0,0,0.00
Connor Murphy,31,0,1,0,0,0,5,0,915,854,0,61,0,0,0,0,0,0,0,0,0,0,0,0,0,0,0,0.0,0.000,0.000,0.000,0.000,0.000,0.000,0.000,0.000,0.000,0.000,0.000,0.000,0,0.00,2,2,0,0,0.00
Oliver Bjorkstrand,29,1,1,0,0,0,0,1,761,694,67,0,0,0,0,0,0,0,0,0,0,0,0,0,0,0,0,0.0,0.000,0.000,0.000,0.000,0.000,0.000,0.000,0.000,0.000,0.000,0.000,0.000,4,0.0,1,0,0,0,0.00
Derek Forbort,32,0,1,0,0,0,2,-2,1013,851,0,162,0,0,0,0,0,0,0,0,0,0,0,0,0,0,0,0.0,0.000,0.000,0.000,0.000,0.000,0.000,0.000,0.000,0.000,0.000,0.000,0.000,1,0.0,0,1,0,0,0.00
Nathan Walker,30,1,1,0,0,0,2,0,573,573,0,0,0,0,0,0,0,0,0,0,0,0,0,0,0,0,0,0.0,0.000,0.000,0.000,0.000,0.000,0.000,0.000,0.000,0.000,0.000,0.000,0.000,2,0.0,2,0,0,1,0.00
Colin Miller,32,0,1,0,0,0,0,0,917,897,20,0,0,0,0,0,0,0,0,0,0,0,0,0,0,0,0,0.0,0.000,0.000,0.000,0.000,0.000,0.000,0.000,0.000,0.000,0.000,0.000,0.000,0,0.00,0,1,0,0,0.00
Vladislav Namestnikov,32,1,1,0,0,0,0,0,735,686,49,0,0,0,0,0,0,0,0,0,0,0,0,0,0,0,0,0.0,0.000,0.000,0.000,0.000,0.000,0.000,0.000,0.000,0.000,0.000,0.000,0.000,0,0.00,2,2,3,6,33.33
Brett Kulak,30,0,1,0,0,0,0,-1,1003,871,0,132,0,0,0,0,0,0,0,0,0,0,0,0,0,0,0,0.0,0.000,0.000,0.000,0.000,0.000,0.000,0.000,0.000,0.000,0.000,0.000,0.000,2,0.0,0,2,0,0,0.00
Nikita Zadorov,29,0,1,0,0,0,4,-1,1082,887,2,193,0,0,0,0,0,0,0,0,0,0,0,0,0,0,0,0.0,0.000,0.000,0.000,0.000,0.000,0.000,0.000,0.000,0.000,0.000,0.000,0.000,1,0.0,6,1,0,0,0.00
Joel Kiviranta,28,1,1,0,0,0,0,0,520,481,0,39,0,0,0,0,0,0,0,0,0,0,0,0,0,0,0,0.0,0.000,0.000,0.000,0.000,0.000,0.000,0.000,0.000,0.000,0.000,0.000,0.000,0,0.00,2,0,0,1,0.00
William Nylander,28,1,1,0,0,0,0,0,1158,904,254,0,0,0,0,0,0,0,0,0,0,0,0,0,0,0,0,0.0,0.000,0.000,0.000,0.000,0.000,0.000,0.000,0.000,0.000,0.000,0.000,0.000,1,0.0,0,0,0,0,0.00
Marcus Pettersson,28,0,1,0,0,0,2,-2,1236,1169,0,67,0,0,0,0,0,0,0,0,0,0,0,0,0,0,0,0.0,0.000,0.000,0.000,0.000,0.000,0.000,0.000,0.000,0.000,0.000,0.000,0.000,0,0.00,1,0,0,0,0.00
Josh Anderson,30,1,1,0,0,0,2,0,687,544,0,143,0,0,0,0,0,0,0,0,0,0,0,0,0,0,0,0.0,0.000,0.000,0.000,0.000,0.000,0.000,0.000,0.000,0.000,0.000,0.000,0.000,1,0.0,0,0,1,0,100.00
Connor McDavid,27,1,1,0,0,0,0,-2,1249,1129,120,0,0,0,0,0,0,0,0,0,0,0,0,0,0,0,0,0.0,0.000,0.000,0.000,0.000,0.000,0.000,0.000,0.000,0.000,0.000,0.000,0.000,0,0.00,1,0,7,4,63.64
David Kämpf,29,1,1,0,0,0,0,0,583,442,16,125,0,0,0,0,0,0,0,0,0,0,0,0,0,0,0,0.0,0.000,0.000,0.000,0.000,0.000,0.000,0.000,0.000,0.000,0.000,0.000,0.000,0,0.00,1,1,2,0,100.00
Andre Burakovsky,29,1,1,0,0,0,0,-1,942,889,53,0,0,0,0,0,0,0,0,0,0,0,0,0,0,0,0,0.0,0.000,0.000,0.000,0.000,0.000,0.000,0.000,0.000,0.000,0.000,0.000,0.000,1,0.0,0,1,0,0,0.00
Matt Grzelcyk,30,0,1,0,0,0,0,-2,1244,1093,151,0,0,0,0,0,0,0,0,0,0,0,0,0,0,0,0,0.0,0.000,0.000,0.000,0.000,0.000,0.000,0.000,0.000,0.000,0.000,0.000,0.000,1,0.0,1,0,0,0,0.00
Darnell Nurse,29,0,1,0,0,0,0,-2,1122,1070,0,52,0,0,0,0,0,0,0,0,0,0,0,0,0,0,0,0.0,0.000,0.000,0.000,0.000,0.000,0.000,0.000,0.000,0.000,0.000,0.000,0.000,1,0.0,2,2,0,0,0.00
Carter Verhaeghe,29,1,1,0,0,0,0,-1,1039,572,467,0,0,0,0,0,0,0,0,0,0,0,0,0,0,0,0,0.0,0.000,0.000,0.000,0.000,0.000,0.000,0.000,0.000,0.000,0.000,0.000,0.000,4,0.0,2,0,1,0,100.00
Chandler Stephenson,30,1,1,0,0,0,0,-2,1191,1026,67,98,0,0,0,0,0,0,0,0,0,0,0,0,0,0,0,0.0,0.000,0.000,0.000,0.000,0.000,0.000,0.000,0.000,0.000,0.000,0.000,0.000,1,0.0,0,0,14,9,60.87
Kevin Hayes,32,1,1,0,0,0,0,-1,726,525,137,64,0,0,0,0,0,0,0,0,0,0,0,0,0,0,0,0.0,0.000,0.000,0.000,0.000,0.000,0.000,0.000,0.000,0.000,0.000,0.000,0.000,1,0.0,1,1,4,2,66.67
Jesse Puljujärvi,26,1,1,0,0,0,0,-1,766,630,136,0,0,0,0,0,0,0,0,0,0,0,0,0,0,0,0,0.0,0.000,0.000,0.000,0.000,0.000,0.000,0.000,0.000,0.000,0.000,0.000,0.000,3,0.0,1,0,0,0,0.00
Niko Mikkola,28,0,1,0,0,0,0,1,1258,1122,6,130,0,0,0,0,0,0,0,0,0,0,0,0,0,0,0,0.0,0.000,0.000,0.000,0.000,0.000,0.000,0.000,0.000,0.000,0.000,0.000,0.000,0,0.00,1,1,0,0,0.00
Derek Ryan,38,1,1,0,0,0,2,0,702,673,0,29,0,0,0,0,0,0,0,0,0,0,0,0,0,0,0,0.0,0.000,0.000,0.000,0.000,0.000,0.000,0.000,0.000,0.000,0.000,0.000,0.000,1,0.0,1,0,1,0,100.00
Gustav Forsling,28,0,1,0,0,0,0,3,1541,1044,193,304,0,0,0,0,0,0,0,0,0,0,0,0,0,0,0,0.0,0.000,0.000,0.000,0.000,0.000,0.000,0.000,0.000,0.000,0.000,0.000,0.000,2,0.0,0,0,0,0,0.00
Liam O'Brien,30,1,1,0,0,0,0,1,630,617,13,0,0,0,0,0,0,0,0,0,0,0,0,0,0,0,0,0.0,0.000,0.000,0.000,0.000,0.000,0.000,0.000,0.000,0.000,0.000,0.000,0.000,1,0.0,7,0,0,0,0.00
Connor Brown,30,1,1,0,0,0,0,0,766,745,0,21,0,0,0,0,0,0,0,0,0,0,0,0,0,0,0,0.0,0.000,0.000,0.000,0.000,0.000,0.000,0.000,0.000,0.000,0.000,0.000,0.000,3,0.0,1,0,0,0,0.00
Kevin Stenlund,28,1,1,0,0,0,0,1,899,698,15,186,0,0,0,0,0,0,0,0,0,0,0,0,0,0,0,0.0,0.000,0.000,0.000,0.000,0.000,0.000,0.000,0.000,0.000,0.000,0.000,0.000,1,0.0,2,0,7,7,50.00
Jared McCann,28,1,1,0,0,0,0,1,910,817,53,40,0,0,0,0,0,0,0,0,0,0,0,0,0,0,0,0.0,0.000,0.000,0.000,0.000,0.000,0.000,0.000,0.000,0.000,0.000,0.000,0.000,2,0.0,2,0,0,0,0.00
Haydn Fleury,28,0,1,0,0,0,0,0,975,955,20,0,0,0,0,0,0,0,0,0,0,0,0,0,0,0,0,0.0,0.000,0.000,0.000,0.000,0.000,0.000,0.000,0.000,0.000,0.000,0.000,0.000,1,0.0,1,4,0,0,0.00
Auston Matthews,27,1,1,0,0,0,0,0,1273,968,264,41,0,0,0,0,0,0,0,0,0,0,0,0,0,0,0,0.0,0.000,0.000,0.000,0.000,0.000,0.000,0.000,0.000,0.000,0.000,0.000,0.000,5,0.0,1,1,7,4,63.64
Jason Dickinson,29,1,1,0,0,0,2,-2,703,703,0,0,0,0,0,0,0,0,0,0,0,0,0,0,0,0,0,0.0,0.000,0.000,0.000,0.000,0.000,0.000,0.000,0.000,0.000,0.000,0.000,0.000,2,0.0,2,0,8,5,61.54
Max Domi,29,1,1,0,0,0,2,0,1020,813,207,0,0,0,0,0,0,0,0,0,0,0,0,0,0,0,0,0.0,0.000,0.000,0.000,0.000,0.000,0.000,0.000,0.000,0.000,0.000,0.000,0.000,1,0.0,1,1,0,2,0.00
Miles Wood,29,1,1,0,0,0,2,-1,721,679,0,42,0,0,0,0,0,0,0,0,0,0,0,0,0,0,0,0.0,0.000,0.000,0.000,0.000,0.000,0.000,0.000,0.000,0.000,0.000,0.000,0.000,3,0.0,2,1,0,0,0.00
Brandon Carlo,28,0,1,0,0,0,0,-2,1143,795,0,348,0,0,0,0,0,0,0,0,0,0,0,0,0,0,0,0.0,0.000,0.000,0.000,0.000,0.000,0.000,0.000,0.000,0.000,0.000,0.000,0.000,0,0.00,0,4,0,0,0.00
Colton Parayko,31,0,1,0,0,0,0,0,1355,1276,12,67,0,0,0,0,0,0,0,0,0,0,0,0,0,0,0,0.0,0.000,0.000,0.000,0.000,0.000,0.000,0.000,0.000,0.000,0.000,0.000,0.000,4,0.0,2,3,0,0,0.00
Ilya Mikheyev,30,1,1,0,0,0,0,1,950,905,0,45,0,0,0,0,0,0,0,0,0,0,0,0,0,0,0,0.0,0.000,0.000,0.000,0.000,0.000,0.000,0.000,0.000,0.000,0.000,0.000,0.000,2,0.0,2,0,0,0,0.00
Brandon Montour,30,0,1,0,0,0,0,-2,1454,1387,67,0,0,0,0,0,0,0,0,0,0,0,0,0,0,0,0,0.0,0.000,0.000,0.000,0.000,0.000,0.000,0.000,0.000,0.000,0.000,0.000,0.000,3,0.0,1,0,0,0,0.00
Michael Matheson,30,0,1,0,0,0,0,0,1595,1049,275,271,0,0,0,0,0,0,0,0,0,0,0,0,0,0,0,0.0,0.000,0.000,0.000,0.000,0.000,0.000,0.000,0.000,0.000,0.000,0.000,0.000,0,0.00,0,4,0,0,0.00
Tyler Bertuzzi,29,1,1,0,0,0,0,-2,1040,833,207,0,0,0,0,0,0,0,0,0,0,0,0,0,0,0,0,0.0,0.000,0.000,0.000,0.000,0.000,0.000,0.000,0.000,0.000,0.000,0.000,0.000,2,0.0,1,0,0,0,0.00
Christian Dvorak,28,1,1,0,0,0,0,0,741,490,0,251,0,0,0,0,0,0,0,0,0,0,0,0,0,0,0,0.0,0.000,0.000,0.000,0.000,0.000,0.000,0.000,0.000,0.000,0.000,0.000,0.000,1,0.0,0,2,0,2,0.00
Anthony Beauvillier,27,1,1,0,0,0,0,-1,840,840,0,0,0,0,0,0,0,0,0,0,0,0,0,0,0,0,0,0.0,0.000,0.000,0.000,0.000,0.000,0.000,0.000,0.000,0.000,0.000,0.000,0.000,6,0.0,1,1,0,0,0.00
Nicolas Roy,27,1,1,0,0,0,2,0,805,709,28,68,0,0,0,0,0,0,0,0,0,0,0,0,0,0,0,0.0,0.000,0.000,0.000,0.000,0.000,0.000,0.000,0.000,0.000,0.000,0.000,0.000,0,0.00,1,0,5,5,50.00
Juuso Välimäki,26,0,1,0,0,0,0,1,1095,1002,0,93,0,0,0,0,0,0,0,0,0,0,0,0,0,0,0,0.0,0.000,0.000,0.000,0.000,0.000,0.000,0.000,0.000,0.000,0.000,0.000,0.000,1,0.0,0,1,0,0,0.00
Noel Acciari,33,1,1,0,0,0,0,-1,829,681,0,148,0,0,0,0,0,0,0,0,0,0,0,0,0,0,0,0.0,0.000,0.000,0.000,0.000,0.000,0.000,0.000,0.000,0.000,0.000,0.000,0.000,0,0.00,1,0,0,2,0.00
Zach Hyman,32,1,1,0,0,0,0,-2,1025,905,120,0,0,0,0,0,0,0,0,0,0,0,0,0,0,0,0,0.0,0.000,0.000,0.000,0.000,0.000,0.000,0.000,0.000,0.000,0.000,0.000,0.000,0,0.00,1,0,0,0,0.00
Ryan Lomberg,30,1,1,0,0,0,2,-1,654,551,13,90,0,0,0,0,0,0,0,0,0,0,0,0,0,0,0,0.0,0.000,0.000,0.000,0.000,0.000,0.000,0.000,0.000,0.000,0.000,0.000,0.000,0,0.00,2,0,0,0,0.00
Michael Bunting,29,1,1,0,0,0,0,-2,962,806,156,0,0,0,0,0,0,0,0,0,0,0,0,0,0,0,0,0.0,0.000,0.000,0.000,0.000,0.000,0.000,0.000,0.000,0.000,0.000,0.000,0.000,5,0.0,0,0,0,0,0.00
Kurtis MacDermid,30,0,1,0,0,0,0,0,219,219,0,0,0,0,0,0,0,0,0,0,0,0,0,0,0,0,0,0.0,0.000,0.000,0.000,0.000,0.000,0.000,0.000,0.000,0.000,0.000,0.000,0.000,0,0.00,1,1,0,0,0.00
Ryan Graves,29,0,1,0,0,0,0,-2,843,744,0,99,0,0,0,0,0,0,0,0,0,0,0,0,0,0,0,0.0,0.000,0.000,0.000,0.000,0.000,0.000,0.000,0.000,0.000,0.000,0.000,0.000,1,0.0,2,1,0,0,0.00
Blake Coleman,33,1,1,0,0,0,0,-2,1073,790,101,182,0,0,0,0,0,0,0,0,0,0,0,0,0,0,0,0.0,0.000,0.000,0.000,0.000,0.000,0.000,0.000,0.000,0.000,0.000,0.000,0.000,2,0.0,2,1,1,1,50.00
Alex Barre-Boulet,27,1,1,0,0,0,2,0,621,474,147,0,0,0,0,0,0,0,0,0,0,0,0,0,0,0,0,0.0,0.000,0.000,0.000,0.000,0.000,0.000,0.000,0.000,0.000,0.000,0.000,0.000,0,0.00,1,0,0,0,0.00
Mathieu Joseph,27,1,1,0,0,0,0,0,940,887,12,41,0,0,0,0,0,0,0,0,0,0,0,0,0,0,0,0.0,0.000,0.000,0.000,0.000,0.000,0.000,0.000,0.000,0.000,0.000,0.000,0.000,1,0.0,1,1,0,0,0.00
Nicolas Aube-Kubel,28,1,1,0,0,0,2,0,345,345,0,0,0,0,0,0,0,0,0,0,0,0,0,0,0,0,0,0.0,0.000,0.000,0.000,0.000,0.000,0.000,0.000,0.000,0.000,0.000,0.000,0.000,2,0.0,3,0,0,0,0.00
Travis Dermott,28,0,1,0,0,0,0,-1,966,914,0,52,0,0,0,0,0,0,0,0,0,0,0,0,0,0,0,0.0,0.000,0.000,0.000,0.000,0.000,0.000,0.000,0.000,0.000,0.000,0.000,0.000,2,0.0,1,0,0,0,0.00
Mitchell Marner,27,1,1,0,0,0,0,0,1359,1008,260,91,0,0,0,0,0,0,0,0,0,0,0,0,0,0,0,0.0,0.000,0.000,0.000,0.000,0.000,0.000,0.000,0.000,0.000,0.000,0.000,0.000,6,0.0,0,2,0,0,0.00
Ryan Donato,28,1,1,0,0,0,0,-2,832,678,154,0,0,0,0,0,0,0,0,0,0,0,0,0,0,0,0,0.0,0.000,0.000,0.000,0.000,0.000,0.000,0.000,0.000,0.000,0.000,0.000,0.000,0,0.00,6,1,2,6,25.00
Teodors Blueger,30,1,1,0,0,0,0,-1,803,714,0,89,0,0,0,0,0,0,0,0,0,0,0,0,0,0,0,0.0,0.000,0.000,0.000,0.000,0.000,0.000,0.000,0.000,0.000,0.000,0.000,0.000,1,0.0,0,0,7,9,43.75
Kevin Rooney,31,1,1,0,0,0,0,0,63,47,16,0,0,0,0,0,0,0,0,0,0,0,0,0,0,0,0,0.0,0.000,0.000,0.000,0.000,0.000,0.000,0.000,0.000,0.000,0.000,0.000,0.000,0,0.00,0,0,0,0,0.00
Brandon Tanev,33,1,1,0,0,0,0,0,869,766,0,103,0,0,0,0,0,0,0,0,0,0,0,0,0,0,0,0.0,0.000,0.000,0.000,0.000,0.000,0.000,0.000,0.000,0.000,0.000,0.000,0.000,1,0.0,2,2,0,0,0.00
Nicolas Hague,26,0,1,0,0,0,0,1,1139,1102,0,37,0,0,0,0,0,0,0,0,0,0,0,0,0,0,0,0.0,0.000,0.000,0.000,0.000,0.000,0.000,0.000,0.000,0.000,0.000,0.000,0.000,1,0.0,1,2,0,0,0.00
Philipp Kurashev,25,1,1,0,0,0,0,-2,1075,926,132,17,0,0,0,0,0,0,0,0,0,0,0,0,0,0,0,0.0,0.000,0.000,0.000,0.000,0.000,0.000,0.000,0.000,0.000,0.000,0.000,0.000,1,0.0,0,0,8,5,61.54
Joey Anderson,26,1,1,0,0,0,0,-1,667,639,0,28,0,0,0,0,0,0,0,0,0,0,0,0,0,0,0,0.0,0.000,0.000,0.000,0.000,0.000,0.000,0.000,0.000,0.000,0.000,0.000,0.000,2,0.0,1,1,0,0,0.00
Adam Fox,26,0,1,0,0,0,0,2,1258,863,209,186,0,0,0,0,0,0,0,0,0,0,0,0,0,0,0,0.0,0.000,0.000,0.000,0.000,0.000,0.000,0.000,0.000,0.000,0.000,0.000,0.000,2,0.0,0,1,0,0,0.00
Nikolai Kovalenko,25,1,1,0,0,0,0,-1,897,897,0,0,0,0,0,0,0,0,0,0,0,0,0,0,0,0,0,0.0,0.000,0.000,0.000,0.000,0.000,0.000,0.000,0.000,0.000,0.000,0.000,0.000,2,0.0,1,0,0,0,0.00
Alexei Toropchenko,25,1,1,0,0,0,5,0,580,547,0,33,0,0,0,0,0,0,0,0,0,0,0,0,0,0,0,0.0,0.000,0.000,0.000,0.000,0.000,0.000,0.000,0.000,0.000,0.000,0.000,0.000,0,0.00,3,0,0,0,0.00
Daniil Miromanov,27,1,1,0,0,0,0,0,1067,1027,0,40,0,0,0,0,0,0,0,0,0,0,0,0,0,0,0,0.0,0.000,0.000,0.000,0.000,0.000,0.000,0.000,0.000,0.000,0.000,0.000,0.000,0,0.00,0,2,0,0,0.00
A.J. Greer,28,1,1,0,0,0,7,1,778,666,6,106,0,0,0,0,0,0,0,0,0,0,0,0,0,0,0,0.0,0.000,0.000,0.000,0.000,0.000,0.000,0.000,0.000,0.000,0.000,0.000,0.000,1,0.0,2,0,0,1,0.00
Simon Benoit,26,0,1,0,0,0,0,0,866,626,11,229,0,0,0,0,0,0,0,0,0,0,0,0,0,0,0,0.0,0.000,0.000,0.000,0.000,0.000,0.000,0.000,0.000,0.000,0.000,0.000,0.000,1,0.0,1,1,0,0,0.00
Max Jones,26,1,1,0,0,0,4,-1,582,582,0,0,0,0,0,0,0,0,0,0,0,0,0,0,0,0,0,0.0,0.000,0.000,0.000,0.000,0.000,0.000,0.000,0.000,0.000,0.000,0.000,0.000,0,0.00,0,0,0,0,0.00
Evan Bouchard,25,0,1,0,0,0,0,-1,1504,1384,120,0,0,0,0,0,0,0,0,0,0,0,0,0,0,0,0,0.0,0.000,0.000,0.000,0.000,0.000,0.000,0.000,0.000,0.000,0.000,0.000,0.000,2,0.0,0,1,0,0,0.00
Nicholas Suzuki,25,1,1,0,0,0,0,0,1240,901,256,83,0,0,0,0,0,0,0,0,0,0,0,0,0,0,0,0.0,0.000,0.000,0.000,0.000,0.000,0.000,0.000,0.000,0.000,0.000,0.000,0.000,3,0.0,2,1,5,8,38.46
Steven Lorentz,28,1,1,0,0,0,0,0,543,391,13,139,0,0,0,0,0,0,0,0,0,0,0,0,0,0,0,0.0,0.000,0.000,0.000,0.000,0.000,0.000,0.000,0.000,0.000,0.000,0.000,0.000,4,0.0,3,1,1,0,100.00
Conor Timmins,26,0,1,0,0,0,2,0,968,797,0,171,0,0,0,0,0,0,0,0,0,0,0,0,0,0,0,0.0,0.000,0.000,0.000,0.000,0.000,0.000,0.000,0.000,0.000,0.000,0.000,0.000,3,0.0,1,1,0,0,0.00
Mark Kastelic,25,1,1,0,0,0,5,0,677,561,6,110,0,0,0,0,0,0,0,0,0,0,0,0,0,0,0,0.0,0.000,0.000,0.000,0.000,0.000,0.000,0.000,0.000,0.000,0.000,0.000,0.000,1,0.0,6,1,7,4,63.64
Cody Glass,25,1,1,0,0,0,0,-1,648,557,0,91,0,0,0,0,0,0,0,0,0,0,0,0,0,0,0,0.0,0.000,0.000,0.000,0.000,0.000,0.000,0.000,0.000,0.000,0.000,0.000,0.000,2,0.0,1,1,4,3,57.14
Parker Kelly,25,1,1,0,0,0,0,0,694,574,15,105,0,0,0,0,0,0,0,0,0,0,0,0,0,0,0,0.0,0.000,0.000,0.000,0.000,0.000,0.000,0.000,0.000,0.000,0.000,0.000,0.000,3,0.0,0,0,5,6,45.45
Keegan Kolesar,27,1,1,0,0,0,0,0,644,621,0,23,0,0,0,0,0,0,0,0,0,0,0,0,0,0,0,0.0,0.000,0.000,0.000,0.000,0.000,0.000,0.000,0.000,0.000,0.000,0.000,0.000,0,0.00,0,1,1,0,100.00
Morgan Geekie,26,1,1,0,0,0,0,-1,749,604,139,6,0,0,0,0,0,0,0,0,0,0,0,0,0,0,0,0.0,0.000,0.000,0.000,0.000,0.000,0.000,0.000,0.000,0.000,0.000,0.000,0.000,1,0.0,1,0,2,1,66.67
Alexander Kerfoot,30,1,1,0,0,0,0,1,944,743,15,186,0,0,0,0,0,0,0,0,0,0,0,0,0,0,0,0.0,0.000,0.000,0.000,0.000,0.000,0.000,0.000,0.000,0.000,0.000,0.000,0.000,2,0.0,0,2,1,3,25.00
Carson Soucy,30,0,1,0,0,0,0,-1,1138,1026,0,112,0,0,0,0,0,0,0,0,0,0,0,0,0,0,0,0.0,0.000,0.000,0.000,0.000,0.000,0.000,0.000,0.000,0.000,0.000,0.000,0.000,1,0.0,2,0,0,0,0.00
Jake Evans,28,1,1,0,0,0,0,0,1024,780,0,244,0,0,0,0,0,0,0,0,0,0,0,0,0,0,0,0.0,0.000,0.000,0.000,0.000,0.000,0.000,0.000,0.000,0.000,0.000,0.000,0.000,1,0.0,1,0,5,7,41.67
Ross Colton,28,1,1,0,0,0,0,0,918,883,0,35,0,0,0,0,0,0,0,0,0,0,0,0,0,0,0,0.0,0.000,0.000,0.000,0.000,0.000,0.000,0.000,0.000,0.000,0.000,0.000,0.000,2,0.0,6,0,3,7,30.00
Vincent Desharnais,28,0,1,0,0,0,4,-2,791,766,0,25,0,0,0,0,0,0,0,0,0,0,0,0,0,0,0,0.0,0.000,0.000,0.000,0.000,0.000,0.000,0.000,0.000,0.000,0.000,0.000,0.000,0,0.00,0,2,0,0,0.00
Adam Boqvist,24,0,1,0,0,0,0,0,278,172,106,0,0,0,0,0,0,0,0,0,0,0,0,0,0,0,0,0.0,0.000,0.000,0.000,0.000,0.000,0.000,0.000,0.000,0.000,0.000,0.000,0.000,2,0.0,0,0,0,0,0.00
Braden Schneider,23,0,1,0,0,0,0,4,1220,1070,0,150,0,0,0,0,0,0,0,0,0,0,0,0,0,0,0,0.0,0.000,0.000,0.000,0.000,0.000,0.000,0.000,0.000,0.000,0.000,0.000,0.000,3,0.0,1,3,0,0,0.00
Peyton Krebs,23,1,1,0,0,0,0,0,851,728,120,3,0,0,0,0,0,0,0,0,0,0,0,0,0,0,0,0.0,0.000,0.000,0.000,0.000,0.000,0.000,0.000,0.000,0.000,0.000,0.000,0.000,1,0.0,1,0,1,2,33.33
Adam Edström,24,1,1,0,0,0,0,1,648,613,0,35,0,0,0,0,0,0,0,0,0,0,0,0,0,0,0,0.0,0.000,0.000,0.000,0.000,0.000,0.000,0.000,0.000,0.000,0.000,0.000,0.000,0,0.00,3,1,0,0,0.00
Pontus Holmberg,25,1,1,0,0,0,0,0,730,554,0,176,0,0,0,0,0,0,0,0,0,0,0,0,0,0,0,0.0,0.000,0.000,0.000,0.000,0.000,0.000,0.000,0.000,0.000,0.000,0.000,0.000,2,0.0,1,1,5,3,62.50
Alexander Holtz,22,1,1,0,0,0,0,0,840,811,29,0,0,0,0,0,0,0,0,0,0,0,0,0,0,0,0,0.0,0.000,0.000,0.000,0.000,0.000,0.000,0.000,0.000,0.000,0.000,0.000,0.000,1,0.0,0,0,0,0,0.00
Nils Åman,24,1,1,0,0,0,0,-1,733,651,0,82,0,0,0,0,0,0,0,0,0,0,0,0,0,0,0,0.0,0.000,0.000,0.000,0.000,0.000,0.000,0.000,0.000,0.000,0.000,0.000,0.000,0,0.00,0,0,0,1,0.00
Emil Heineman,23,1,1,0,0,0,2,0,580,580,0,0,0,0,0,0,0,0,0,0,0,0,0,0,0,0,0,0.0,0.000,0.000,0.000,0.000,0.000,0.000,0.000,0.000,0.000,0.000,0.000,0.000,2,0.0,3,0,0,0,0.00
Alex Iafallo,31,1,1,0,0,0,0,1,843,722,69,52,0,0,0,0,0,0,0,0,0,0,0,0,0,0,0,0.0,0.000,0.000,0.000,0.000,0.000,0.000,0.000,0.000,0.000,0.000,0.000,0.000,0,0.00,1,1,0,0,0.00
Kaapo Kakko,23,1,1,0,0,0,0,1,880,833,47,0,0,0,0,0,0,0,0,0,0,0,0,0,0,0,0,0.0,0.000,0.000,0.000,0.000,0.000,0.000,0.000,0.000,0.000,0.000,0.000,0.000,5,0.0,1,1,1,1,50.00
Matias Maccelli,24,1,1,0,0,0,0,0,657,597,60,0,0,0,0,0,0,0,0,0,0,0,0,0,0,0,0,0.0,0.000,0.000,0.000,0.000,0.000,0.000,0.000,0.000,0.000,0.000,0.000,0.000,0,0.00,0,0,0,0,0.00
Vladislav Kolyachonok,23,0,1,0,0,0,0,0,967,925,0,42,0,0,0,0,0,0,0,0,0,0,0,0,0,0,0,0.0,0.000,0.000,0.000,0.000,0.000,0.000,0.000,0.000,0.000,0.000,0.000,0.000,0,0.00,0,1,0,0,0.00
Jack McBain,24,1,1,0,0,0,0,0,828,740,0,88,0,0,0,0,0,0,0,0,0,0,0,0,0,0,0,0.0,0.000,0.000,0.000,0.000,0.000,0.000,0.000,0.000,0.000,0.000,0.000,0.000,1,0.0,4,1,2,4,33.33
Pavel Dorofeyev,24,1,1,0,0,0,2,-1,802,802,0,0,0,0,0,0,0,0,0,0,0,0,0,0,0,0,0,0.0,0.000,0.000,0.000,0.000,0.000,0.000,0.000,0.000,0.000,0.000,0.000,0.000,0,0.00,1,0,0,0,0.00
Vasili Podkolzin,23,1,1,0,0,0,0,-1,707,658,0,49,0,0,0,0,0,0,0,0,0,0,0,0,0,0,0,0.0,0.000,0.000,0.000,0.000,0.000,0.000,0.000,0.000,0.000,0.000,0.000,0.000,1,0.0,4,0,0,0,0.00
Ty Emberson,24,0,1,0,0,0,2,-2,1215,1112,0,103,0,0,0,0,0,0,0,0,0,0,0,0,0,0,0,0.0,0.000,0.000,0.000,0.000,0.000,0.000,0.000,0.000,0.000,0.000,0.000,0.000,0,0.00,1,0,0,0,0.00
K'Andre Miller,24,0,1,0,0,0,0,3,1238,993,31,214,0,0,0,0,0,0,0,0,0,0,0,0,0,0,0,0.0,0.000,0.000,0.000,0.000,0.000,0.000,0.000,0.000,0.000,0.000,0.000,0.000,2,0.0,2,3,0,0,0.00
John St. Ivany,25,0,1,0,0,0,0,-2,883,742,0,141,0,0,0,0,0,0,0,0,0,0,0,0,0,0,0,0.0,0.000,0.000,0.000,0.000,0.000,0.000,0.000,0.000,0.000,0.000,0.000,0.000,0,0.00,5,1,0,0,0.00
Cole Koepke,26,1,1,0,0,0,2,1,505,498,7,0,0,0,0,0,0,0,0,0,0,0,0,0,0,0,0,0.0,0.000,0.000,0.000,0.000,0.000,0.000,0.000,0.000,0.000,0.000,0.000,0.000,1,0.0,1,0,0,0,0.00
Nick Robertson,23,1,1,0,0,0,0,0,747,584,163,0,0,0,0,0,0,0,0,0,0,0,0,0,0,0,0,0.0,0.000,0.000,0.000,0.000,0.000,0.000,0.000,0.000,0.000,0.000,0.000,0.000,1,0.0,1,0,0,0,0.00
Jake Neighbours,22,1,1,0,0,0,0,0,916,786,130,0,0,0,0,0,0,0,0,0,0,0,0,0,0,0,0,0.0,0.000,0.000,0.000,0.000,0.000,0.000,0.000,0.000,0.000,0.000,0.000,0.000,1,0.0,6,0,0,0,0.00
Kaiden Guhle,22,0,1,0,0,0,0,0,1425,1169,17,239,0,0,0,0,0,0,0,0,0,0,0,0,0,0,0,0.0,0.000,0.000,0.000,0.000,0.000,0.000,0.000,0.000,0.000,0.000,0.000,0.000,1,0.0,1,3,0,0,0.00
Justin Barron,23,0,1,0,0,0,2,0,710,542,0,168,0,0,0,0,0,0,0,0,0,0,0,0,0,0,0,0.0,0.000,0.000,0.000,0.000,0.000,0.000,0.000,0.000,0.000,0.000,0.000,0.000,1,0.0,1,2,0,0,0.00
Kiefer Sherwood,29,1,1,0,0,0,2,-1,824,763,0,61,0,0,0,0,0,0,0,0,0,0,0,0,0,0,0,0.0,0.000,0.000,0.000,0.000,0.000,0.000,0.000,0.000,0.000,0.000,0.000,0.000,2,0.0,2,0,1,1,50.00
Sam Malinski,26,0,1,0,0,0,0,-1,823,821,2,0,0,0,0,0,0,0,0,0,0,0,0,0,0,0,0,0.0,0.000,0.000,0.000,0.000,0.000,0.000,0.000,0.000,0.000,0.000,0.000,0.000,1,0.0,0,2,0,0,0.00
Matt Kessel,24,0,1,0,0,0,0,-1,761,761,0,0,0,0,0,0,0,0,0,0,0,0,0,0,0,0,0,0.0,0.000,0.000,0.000,0.000,0.000,0.000,0.000,0.000,0.000,0.000,0.000,0.000,0,0.00,0,0,0,0,0.00
Logan O'Connor,28,1,1,0,0,0,0,-1,993,852,4,137,0,0,0,0,0,0,0,0,0,0,0,0,0,0,0,0.0,0.000,0.000,0.000,0.000,0.000,0.000,0.000,0.000,0.000,0.000,0.000,0.000,0,0.00,1,0,0,1,0.00
Arber Xhekaj,23,0,1,0,0,0,0,0,830,768,25,37,0,0,0,0,0,0,0,0,0,0,0,0,0,0,0,0.0,0.000,0.000,0.000,0.000,0.000,0.000,0.000,0.000,0.000,0.000,0.000,0.000,1,0.0,1,0,0,0,0.00
Tye Kartye,23,1,1,0,0,0,0,0,712,712,0,0,0,0,0,0,0,0,0,0,0,0,0,0,0,0,0,0.0,0.000,0.000,0.000,0.000,0.000,0.000,0.000,0.000,0.000,0.000,0.000,0.000,2,0.0,1,1,0,2,0.00
Cole Perfetti,22,1,1,0,0,0,0,0,818,749,69,0,0,0,0,0,0,0,0,0,0,0,0,0,0,0,0,0.0,0.000,0.000,0.000,0.000,0.000,0.000,0.000,0.000,0.000,0.000,0.000,0.000,1,0.0,1,1,0,1,0.00
Zac Jones,24,0,1,0,0,0,0,1,1049,1046,0,3,0,0,0,0,0,0,0,0,0,0,0,0,0,0,0,0.0,0.000,0.000,0.000,0.000,0.000,0.000,0.000,0.000,0.000,0.000,0.000,0.000,2,0.0,1,0,0,0,0.00
Matthew Beniers,22,1,1,0,0,0,0,1,1080,983,53,44,0,0,0,0,0,0,0,0,0,0,0,0,0,0,0,0.0,0.000,0.000,0.000,0.000,0.000,0.000,0.000,0.000,0.000,0.000,0.000,0.000,3,0.0,0,0,6,9,40.00
Drew O'Connor,26,1,1,0,0,0,2,-3,918,832,0,86,0,0,0,0,0,0,0,0,0,0,0,0,0,0,0,0.0,0.000,0.000,0.000,0.000,0.000,0.000,0.000,0.000,0.000,0.000,0.000,0.000,0,0.00,1,2,0,0,0.00
Brendan Brisson,23,1,1,0,0,0,0,0,648,648,0,0,0,0,0,0,0,0,0,0,0,0,0,0,0,0,0,0.0,0.000,0.000,0.000,0.000,0.000,0.000,0.000,0.000,0.000,0.000,0.000,0.000,0,0.00,0,0,0,0,0.00
Nolan Allan,21,0,1,0,0,0,0,0,626,611,0,15,0,0,0,0,0,0,0,0,0,0,0,0,0,0,0,0.0,0.000,0.000,0.000,0.000,0.000,0.000,0.000,0.000,0.000,0.000,0.000,0.000,0,0.00,0,0,0,0,0.00
Matthew Knies,22,1,1,0,0,0,0,0,1128,815,201,112,0,0,0,0,0,0,0,0,0,0,0,0,0,0,0,0.0,0.000,0.000,0.000,0.000,0.000,0.000,0.000,0.000,0.000,0.000,0.000,0.000,4,0.0,1,0,0,0,0.00
Victor Mancini,22,0,1,0,0,0,0,0,1047,1006,0,41,0,0,0,0,0,0,0,0,0,0,0,0,0,0,0,0.0,0.000,0.000,0.000,0.000,0.000,0.000,0.000,0.000,0.000,0.000,0.000,0.000,1,0.0,0,1,0,0,0.00
Mason Lohrei,23,0,1,0,0,0,0,-3,976,805,162,9,0,0,0,0,0,0,0,0,0,0,0,0,0,0,0,0.0,0.000,0.000,0.000,0.000,0.000,0.000,0.000,0.000,0.000,0.000,0.000,0.000,2,0.0,1,2,0,0,0.00
Matthew Samoskevich,22,1,1,0,0,0,0,-1,608,603,0,5,0,0,0,0,0,0,0,0,0,0,0,0,0,0,0,0.0,0.000,0.000,0.000,0.000,0.000,0.000,0.000,0.000,0.000,0.000,0.000,0.000,0,0.00,0,0,0,0,0.00
Alex Newhook,23,1,1,0,0,0,0,0,793,657,136,0,0,0,0,0,0,0,0,0,0,0,0,0,0,0,0,0.0,0.000,0.000,0.000,0.000,0.000,0.000,0.000,0.000,0.000,0.000,0.000,0.000,3,0.0,0,2,1,2,33.33
Ivan Ivan,22,1,1,0,0,0,0,0,584,584,0,0,0,0,0,0,0,0,0,0,0,0,0,0,0,0,0,0.0,0.000,0.000,0.000,0.000,0.000,0.000,0.000,0.000,0.000,0.000,0.000,0.000,0,0.00,1,0,0,0,0.00
Shane Wright,20,1,1,0,0,0,0,1,862,795,67,0,0,0,0,0,0,0,0,0,0,0,0,0,0,0,0,0.0,0.000,0.000,0.000,0.000,0.000,0.000,0.000,0.000,0.000,0.000,0.000,0.000,1,0.0,1,0,6,12,33.33
Josh Doan,22,1,1,0,0,0,0,0,623,567,56,0,0,0,0,0,0,0,0,0,0,0,0,0,0,0,0,0.0,0.000,0.000,0.000,0.000,0.000,0.000,0.000,0.000,0.000,0.000,0.000,0.000,0,0.00,1,0,4,6,40.00
Adam Klapka,24,1,1,0,0,0,4,0,528,528,0,0,0,0,0,0,0,0,0,0,0,0,0,0,0,0,0,0.0,0.000,0.000,0.000,0.000,0.000,0.000,0.000,0.000,0.000,0.000,0.000,0.000,1,0.0,3,1,1,0,100.00
Jiri Kulich,20,1,1,0,0,0,2,-2,840,730,110,0,0,0,0,0,0,0,0,0,0,0,0,0,0,0,0,0.0,0.000,0.000,0.000,0.000,0.000,0.000,0.000,0.000,0.000,0.000,0.000,0.000,0,0.00,2,0,0,0,0.00
Zachary Benson,19,1,1,0,0,0,0,0,1043,733,272,38,0,0,0,0,0,0,0,0,0,0,0,0,0,0,0,0.0,0.000,0.000,0.000,0.000,0.000,0.000,0.000,0.000,0.000,0.000,0.000,0.000,2,0.0,0,1,0,1,0.00
Rutger McGroarty,20,1,1,0,0,0,0,-1,740,740,0,0,0,0,0,0,0,0,0,0,0,0,0,0,0,0,0,0.0,0.000,0.000,0.000,0.000,0.000,0.000,0.000,0.000,0.000,0.000,0.000,0.000,1,0.0,0,0,0,1,0.00
Lane Hutson,20,0,1,0,0,0,0,0,1102,950,152,0,0,0,0,0,0,0,0,0,0,0,0,0,0,0,0,0.0,0.000,0.000,0.000,0.000,0.000,0.000,0.000,0.000,0.000,0.000,0.000,0.000,0,0.00,0,1,0,0,0.00
Samuel Honzek,20,1,1,0,0,0,0,1,791,593,108,90,0,0,0,0,0,0,0,0,0,0,0,0,0,0,0,0.0,0.000,0.000,0.000,0.000,0.000,0.000,0.000,0.000,0.000,0.000,0.000,0.000,1,0.0,2,1,0,1,0.00
Calum Ritchie,19,1,1,0,0,0,0,-3,965,948,17,0,0,0,0,0,0,0,0,0,0,0,0,0,0,0,0,0.0,0.000,0.000,0.000,0.000,0.000,0.000,0.000,0.000,0.000,0.000,0.000,0.000,1,0.0,3,1,0,1,0.00
Tomas Tatar,34,1,2,0,0,0,0,1,855,760,95,0,0,0,0,0,0,0,0,0,0,0,0,0,0,0,0,0.0,0.000,0.000,0.000,0.000,0.000,0.000,0.000,0.000,0.000,0.000,0.000,0.000,3,0.0,2,0,0,0,0.00
Jason Zucker,32,1,2,0,0,0,0,0,796,609,187,0,0,0,0,0,0,0,0,0,0,0,0,0,0,0,0,0.0,0.000,0.000,0.000,0.000,0.000,0.000,0.000,0.000,0.000,0.000,0.000,0.000,2,0.0,0,0,0,0,0.00
Brenden Dillon,34,0,2,0,0,0,9,2,1133,975,14,144,0,0,0,0,0,0,0,0,0,0,0,0,0,0,0,0.0,0.000,0.000,0.000,0.000,0.000,0.000,0.000,0.000,0.000,0.000,0.000,0.000,2,0.0,4,6,0,0,0.00
Dougie Hamilton,31,0,2,0,0,0,0,2,1345,1083,209,53,0,0,0,0,0,0,0,0,0,0,0,0,0,0,0,0.0,0.000,0.000,0.000,0.000,0.000,0.000,0.000,0.000,0.000,0.000,0.000,0.000,7,0.0,1,3,0,0,0.00
Curtis Lazar,29,1,2,0,0,0,2,1,672,581,17,74,0,0,0,0,0,0,0,0,0,0,0,0,0,0,0,0.0,0.000,0.000,0.000,0.000,0.000,0.000,0.000,0.000,0.000,0.000,0.000,0.000,1,0.0,2,0,3,10,23.08
Connor Clifton,29,0,2,0,0,0,0,-1,812,641,0,171,0,0,0,0,0,0,0,0,0,0,0,0,0,0,0,0.0,0.000,0.000,0.000,0.000,0.000,0.000,0.000,0.000,0.000,0.000,0.000,0.000,2,0.0,8,0,0,0,0.00
Beck Malenstyn,26,1,2,0,0,0,0,0,494,450,0,43,0,0,0,0,0,0,0,0,0,0,0,0,0,0,0,0.0,0.000,0.000,0.000,0.000,0.000,0.000,0.000,0.000,0.000,0.000,0.000,0.000,1,0.0,9,1,0,0,0.00
Henri Jokiharju,25,0,2,0,0,0,0,-2,1030,940,0,90,0,0,0,0,0,0,0,0,0,0,0,0,0,0,0,0.0,0.000,0.000,0.000,0.000,0.000,0.000,0.000,0.000,0.000,0.000,0.000,0.000,4,0.0,4,3,0,0,0.00
Ryan McLeod,25,1,2,0,0,0,0,-1,931,799,3,128,0,0,0,0,0,0,0,0,0,0,0,0,0,0,0,0.0,0.000,0.000,0.000,0.000,0.000,0.000,0.000,0.000,0.000,0.000,0.000,0.000,0,0.00,1,0,13,14,48.15
Rasmus Dahlin,24,0,2,0,0,0,2,-2,1432,1181,169,81,0,0,0,0,0,0,0,0,0,0,0,0,0,0,0,0.0,0.000,0.000,0.000,0.000,0.000,0.000,0.000,0.000,0.000,0.000,0.000,0.000,3,0.0,3,1,0,0,0.00
Sam Lafferty,29,1,2,0,0,0,2,0,589,544,0,45,0,0,0,0,0,0,0,0,0,0,0,0,0,0,0,0.0,0.000,0.000,0.000,0.000,0.000,0.000,0.000,0.000,0.000,0.000,0.000,0.000,1,0.0,1,0,2,5,28.57
Dylan Cozens,23,1,2,0,0,0,0,-3,1203,877,201,125,0,0,0,0,0,0,0,0,0,0,0,0,0,0,0,0.0,0.000,0.000,0.000,0.000,0.000,0.000,0.000,0.000,0.000,0.000,0.000,0.000,8,0.0,3,1,17,14,54.84
Mattias Samuelsson,24,0,2,0,0,0,0,-2,937,717,3,217,0,0,0,0,0,0,0,0,0,0,0,0,0,0,0,0.0,0.000,0.000,0.000,0.000,0.000,0.000,0.000,0.000,0.000,0.000,0.000,0.000,2,0.0,2,4,0,0,0.00
Jack Quinn,23,1,2,0,0,0,0,-2,1034,853,167,14,0,0,0,0,0,0,0,0,0,0,0,0,0,0,0,0.0,0.000,0.000,0.000,0.000,0.000,0.000,0.000,0.000,0.000,0.000,0.000,0.000,0,0.00,0,0,0,0,0.00
Simon Nemec,20,0,2,0,0,0,2,0,979,872,7,99,0,0,0,0,0,0,0,0,0,0,0,0,0,0,0,0.0,0.000,0.000,0.000,0.000,0.000,0.000,0.000,0.000,0.000,0.000,0.000,0.000,1,0.0,1,7,0,0,0.00
